Pair of subtypes,Metabolite,Change
QYD_Damp. vs.,C52_5_TG,?
QYD,C54_6_TG,?
"",C54_5_TG,?
"",C54_7_TG,?
"",C56_8_TG,?
"",C56_7_TG,?
"",C56_8_TG,?
"",C58_9_TG,?
"",1-Methylhistidine %,?
"",10227\01.03 uk � 45*,
"",C58_9_TG,?
"",C52_6_TG,?
"",C18_3_ChE,?
"",C16_0_ChE,?
"",C22_6_ChE,?
"",C20_3_ChE,?
"",Creatinine,?
"",1-Palmitoyl-L-alpha-,?
"",lysophosphatidic acid,
"",1-Stearoyl-sn-glycero-3-,?
"",phosphocholine,
QYD_Stag. vs.,C22_5_ChE,?
QYD,C54_7_TG,?
"",C54_6_TG,?
"",C58_10_TG,?
"",C52_6_TG,?
"",C56_8_TG,?
"",C18_3_ChE,?
"",C52_5_TG,?
"",C22_6_ChE,?
"",C56_7_TG,?
"",C56_9_TG,?
"",C20_3_ChE,?
"",C54_5_TG,?
"",C58_9_TG,?
"",31944uk05,?
QYD_Stag. vs.,Beta-Alanine,?
QYD_Damp,6926ukx10*,?
Diabetologia 2007;50(2):359�69.
