ACCEPTED MANUSCRIPT
Table 1. Physical characteristics and bat assemblages of the thirty caves studied in Samal
Island.
Physical Characteristics Bat assemblage
"Cave Sites Asquilla Baga length (m) 685.23 Cave 15 A heighCt (m) Ceiling 22.12 1 C Entrance 29.33 area E 1 entrances No. of 1 2 present Water absent MS RA, HD, RhA, RR, RP, MA, MS, MMac Observed Species* (AbundanceRichness 1 (1) 8 (5) **)"
"Baong 41.45 10 37.76 2 present RA, HD 2 (3)"
Baybay Cacao 104.42 41.25 1.3 2 0.33 1.6 PT1 1 present absent EA HA 1 (1) 1 (2)
"Dadatan Gudin Ipil-Ipil A 41.13 65.14 NA 2.86 NA 2 199.59 8.64 1 2 1 EDpresent 2 absentabsent ES EA, MS 1 (4) 2 (2)"
Kaputian 15 1.2 0.75 1 absent
Kimoko 29.5 6.23 1.61 2 absent  M EA None MS 1 (2) 0 (0) 1 (1)
Lasang 1,10,3,1,1,absent,None,0 (0)
Lasang 2,4.94,2,1.93,3,absent,EA,1 (1)
Taklobo,117.76,12,6.12,1,present,"MA, MS",2 (2)
Talisay,89.77,4.61,114.29,2,absent,"EA, TM",2 (2)
Tamburong,110.55,7.63,175.49,1,present,"EA, MMur",2 (1)
Tinangisan,20,2.35,17.34,4,present,TM,1 (2)
Tomas,9,3,6.26,1,absent,None,0 (0)
Upper Tambo,82.83,2.82,6.39,1,present,"HA, MA, MS",3 (3)
Vito,NA,NA,6,1,present,RA,1 (3)
"",,,,ACCEPTED MANUSCRIPT,
Table 3.,Importance,,of,cave physical characteristics in predicting species,richness and
abundance,,of cave-dwelling,,"bats in Samal Island, Philippines, based from",GLM model
averaging approach (?AICc < 4). The strength of the model parameter are indicated with,,,,,
higher IV. Intercept for caAtegorical models are Entrance:single and Water:absent.,,,,Species richness Abundance (log),
Cave physical characteristics (Intercept) Length (log) Height (log),,Coefficient,-1.27 0.42 0.24,C2.5C% -2.45 -0.02 -0.24 CI ECI 97.5% -0.14P 0.66 0.69 1.T00 0.30 IV Coefficient 0.45 0.64 0.44 2.5% -1.36 -0.21 0.04 CI,97.% 1.94 0.99 1.05 CI 0.97 0.45 IV
Entrance area,,,0.07,-0.38 0.94 0.12 E 0.08 -0.42,0.27 0.12
Entrance:multiple,,,0.28,-0.26 0.23 0.21 D0.49 -0.45,1.33 0.24
Water:Present,,,0.09,-0.58 0.93 0.14 0.43  M-0.48,1.48 0.22
BP,BV,Priority,Description,Cave Sites
index,index,,,
