,OUTPUT
0,A mitochondrial strategy for safeguarding the reprogrammed genome
1,"Cell RegenerationVolume 3, Issue 1, 2014, 3:5"
2,AlessandroPrigione1JamesAdjaye23
3,AbstractGenomic aberrations induced by somatic cell reprogramming are a major drawback for future applications of this technology in regenerative medicine. A new study by Ji et al. published in Stem Cell Reports suggests a counteracting strategy based on balancing the mitochondrial/oxidative stress pathway through antioxidant supplementation.
4,KeywordsAntioxidantsMitochondriaReprogrammingiPSCsGenomic aberrations
5,<FreqDist with 46 samples and 51 outcomes>
6,"['AbstractGenomic', 'aberrations', 'induced', 'somatic', 'cell', 'reprogramming', 'are', 'major', 'drawback', 'for', 'future', 'applications', 'of', 'this', 'technology', 'regenerative', 'medicine', 'A', 'new', 'study', 'Ji', 'et', 'al', 'published', 'Stem', 'Cell', 'Reports', 'suggests', 'counteracting', 'strategy', 'based', 'on', 'balancing', 'the', 'mitochondrial', '/', 'oxidative', 'stress', 'pathway', 'through', 'antioxidant', 'supplementation']"
7,
