,OUTPUT
0,Wnt/β-catenin signaling in heart regeneration
1,"Cell RegenerationVolume 4, Issue 1, 2015, 4:3"
2,GunesOzhan12GilbertWeidinger3
3,"AbstractThe ability to repair damaged or lost tissues varies significantly among vertebrates. The regenerative ability of the heart is clinically very relevant, because adult teleost fish and amphibians can regenerate heart tissue, but we mammals cannot. Interestingly, heart regeneration is possible in neonatal mice, but this ability is lost within 7 days after birth. In zebrafish and neonatal mice, lost cardiomyocytes are regenerated via proliferation of spared, differentiated cardiomyocytes. While some cardiomyocyte turnover occurs in adult mammals, the cardiomyocyte production rate is too low in response to injury to regenerate the heart. Instead, mammalian hearts respond to injury by remodeling of spared tissue, which includes cardiomyocyte hypertrophy. Wnt/β-catenin signaling plays important roles during vertebrate heart development, and it is re-activated in response to cardiac injury. In this review, we discuss the known functions of this signaling pathway in injured hearts, its involvement in cardiac fibrosis and hypertrophy, and potential therapeutic approaches that might promote cardiac repair after injury by modifying Wnt/β-catenin signaling. Regulation of cardiac remodeling by this signaling pathway appears to vary depending on the injury model and the exact stages that have been studied. Thus, conflicting data have been published regarding a potential role of Wnt/β-catenin pathway in promotion of fibrosis and cardiomyocyte hypertrophy. In addition, the Wnt inhibitory secreted Frizzled-related proteins (sFrps) appear to have Wnt-dependent and Wnt-independent roles in the injured heart. Thus, while the exact functions of Wnt/β-catenin pathway activity in response to injury still need to be elucidated in the non-regenerating mammalian heart, but also in regenerating lower vertebrates, manipulation of the pathway is essential for creation of therapeutically useful cardiomyocytes from stem cells in culture. Hopefully, a detailed understanding of the in vivo role of Wnt/β-catenin signaling in injured mammalian and non-mammalian hearts will also contribute to the success of current efforts towards developing regenerative therapies."
4,KeywordsWntBeta-cateninCardiomyocytesFrpRegenerationHeartFibrosisHypertrophyZebrafish
5,<FreqDist with 172 samples and 369 outcomes>
6,"['AbstractThe', 'damaged', 'or', 'tissues', 'varies', 'significantly', 'among', 'The', 'clinically', 'very', 'relevant', 'because', 'teleost', 'fish', 'amphibians', 'can', 'cannot', 'Interestingly', 'regeneration', 'possible', 'within', '7', 'days', 'birth', 'zebrafish', 'are', 'regenerated', 'via', 'proliferation', 'differentiated', 'While', 'some', 'turnover', 'occurs', 'production', 'rate', 'too', 'low', 'Instead', 'respond', 'which', 'includes', 'plays', 'important', 'during', 'vertebrate', 'development', 'it', 're', 'activated', 'review', 'discuss', 'known', 'its', 'involvement', 'therapeutic', 'approaches', 'might', 'promote', 'modifying', 'Regulation', 'appears', 'vary', 'depending', 'on', 'model', 'stages', 'studied', 'conflicting', 'data', 'published', 'regarding', 'promotion', 'addition', 'inhibitory', 'secreted', 'Frizzled', 'related', 'proteins', '(', 'sFrps', ')', 'appear', 'dependent', 'independent', 'while', 'activity', 'still', 'need', 'be', 'elucidated', 'lower', 'manipulation', 'essential', 'for', 'creation', 'therapeutically', 'useful', 'from', 'stem', 'cells', 'culture', 'Hopefully', 'detailed', 'understanding', 'vivo', 'will', 'contribute', 'success', 'current', 'efforts', 'towards', 'developing', 'therapies']"
7,
