,OUTPUT
0,Structure of Extracellular Polysaccharides (EPS) Produced by Rhizobia and their Functions in Legume–Bacteria Symbiosis: — A Review
1,"Achievements in the Life SciencesVolume 10, Issue 2, December 2016, Pages 136-143"
2,Pallab KumarGhoshTushar KantiMaiti
3,"AbstractThe symbiotic diazotrophs comprise with a very diverse group of Gram negative soil bacteria, collectively called as rhizobia found in nodule of legume plant. Rhizobia adopt themselves in different environment including soil, rhizosphere and grown within legume roots, where they fix nitrogen. The establishment of symbiosis is a very complicated process involving a coordinated exchange of signal between legume plants and the symbionts. The nodule development requires synthesis of signal molecules such as Nod factors that are important for induction of nodule development. There are different types of surface polysaccharides such as lipopolysaccharides, capsular polysaccharides, neutral and acidic polysaccharides found in rhizobia. The production of symbiotically active polysaccharides may allow rhizobial strains to adapt themselves to changing environmental conditions and interact efficiently with legume plants. Despite extensive research, the actual molecular function of the surface polysaccharides of rhizobia in symbiosis remains unclear. This review emphasized on the structural composition of extracellular polysaccharide of different rhizobia isolated from different legume plants. The compositions of extracellular polysaccharides are different in different rhizobia. The various compositions of extracellular polysaccharides produced by the symbionts are considered as the signaling molecules essential for determining host plant specificity. The present status of the biological functions of the exo-polysaccharide in symbiosis such as host specificity, successful invasion, formation of infection thread and induction of nodule formation in legume plants is also summarized here."
4,AbbreviationsEPSextracellular polysaccharideCPScapsular polysaccharideLPSlipopolysaccharidesCGcyclic beta glucanKPSK-antigen polysaccharideNPneutral polysaccharideKeywordsRhizobium spp.Extracellular polysaccharideProductionCompositionSuccinoglycanGalactoglucan
5,<FreqDist with 132 samples and 249 outcomes>
6,"['ï', '»¿', 'AbstractThe', 'symbiotic', 'diazotrophs', 'comprise', 'diverse', 'group', 'Gram', 'negative', 'bacteria', 'collectively', 'called', 'Rhizobia', 'adopt', 'environment', 'including', 'rhizosphere', 'grown', 'within', 'roots', 'where', 'they', 'fix', 'nitrogen', 'establishment', 'complicated', 'process', 'involving', 'coordinated', 'exchange', 'between', 'requires', 'synthesis', 'Nod', 'factors', 'that', 'important', 'There', 'types', 'lipopolysaccharides', 'capsular', 'neutral', 'acidic', 'production', 'symbiotically', 'active', 'may', 'allow', 'rhizobial', 'strains', 'adapt', 'changing', 'environmental', 'conditions', 'interact', 'efficiently', 'Despite', 'extensive', 'research', 'actual', 'molecular', 'function', 'remains', 'unclear', 'This', 'review', 'emphasized', 'on', 'structural', 'composition', 'isolated', 'from', 'various', 'produced', 'by', 'considered', 'signaling', 'essential', 'determining', 'present', 'status', 'biological', 'functions', 'exo', '-', 'successful', 'invasion', 'infection', 'thread', 'also', 'summarized', 'here']"
7,
