,OUTPUT
0,Reprogramming barriers and enhancers: strategies to enhance the efficiency and kinetics of induced pluripotency
1,"Cell RegenerationVolume 4, Issue 1, 2015, 4:10"
2,BehnamEbrahimi1
3,"AbstractInduced pluripotent stem cells are powerful tools for disease modeling, drug screening, and cell transplantation therapies. These cells can be generated directly from somatic cells by ectopic expression of defined factors through a reprogramming process. However, pluripotent reprogramming is an inefficient process because of various defined and unidentified barriers. Recent studies dissecting the molecular mechanisms of reprogramming have methodically improved the quality, ease, and efficiency of reprogramming. Different strategies have been applied for enhancing reprogramming efficiency, including depletion/inhibition of barriers (p53, p21, p57, p16Ink4a/p19Arf, Mbd3, etc.), overexpression of enhancing genes (e.g., FOXH1, C/EBP alpha, UTF1, and GLIS1), and administration of certain cytokines and small molecules. The current review provides an in-depth overview of the cutting-edge findings regarding distinct barriers of reprogramming to pluripotency and strategies to enhance reprogramming efficiency. By incorporating the mechanistic insights from these recent findings, a combined method of inhibition of roadblocks and application of enhancing factors may yield the most reliable and effective approach in pluripotent reprogramming."
4,KeywordsCellular reprogrammingiPSCsMbd3C/EBPαp53
5,<FreqDist with 122 samples and 200 outcomes>
6,"['AbstractInduced', 'stem', 'are', 'powerful', 'tools', 'disease', 'modeling', 'drug', 'screening', 'cell', 'transplantation', 'therapies', 'These', 'can', 'be', 'generated', 'directly', 'somatic', 'by', 'ectopic', 'expression', 'through', 'However', 'is', 'inefficient', 'because', 'various', 'unidentified', 'Recent', 'studies', 'dissecting', 'molecular', 'mechanisms', 'methodically', 'improved', 'quality', 'ease', 'Different', 'been', 'applied', 'including', 'depletion', 'p53', 'p21', 'p57', 'p16Ink4a', 'p19Arf', 'Mbd3', 'etc', '.),', 'overexpression', 'genes', 'e', 'g', '.,', 'FOXH1', 'C', 'EBP', 'alpha', 'UTF1', 'GLIS1', '),', 'administration', 'certain', 'cytokines', 'small', 'molecules', 'The', 'current', 'review', 'provides', 'depth', 'overview', 'cutting', 'edge', 'regarding', 'distinct', 'pluripotency', 'enhance', 'By', 'incorporating', 'mechanistic', 'insights', 'these', 'recent', 'combined', 'method', 'roadblocks', 'application', 'may', 'yield', 'most', 'reliable', 'effective', 'approach']"
7,
