,OUTPUT
0,OCT4: A penetrant pluripotency inducer
1,"Cell RegenerationVolume 3, Issue 1, 2014, 3:6"
2,XuecongWang1RalfJauch1
3,"AbstractNative OCT4 protein has the intrinsic ability of crossing cellular membranes to enter cells. This finding could revive efforts to induce pluripotency with proteins replacing nucleic acid-based approaches, and raises the intriguing question as to whether OCT4 can act non-cell-autonomously."
4,KeywordsOCT4Cell penetrating peptideInduced pluripotent stem cellsReprogrammingPluripotency
5,<FreqDist with 42 samples and 49 outcomes>
6,"['AbstractNative', 'protein', 'has', 'intrinsic', 'ability', 'of', 'crossing', 'cellular', 'membranes', 'enter', 'cells', 'This', 'finding', 'could', 'revive', 'efforts', 'induce', 'pluripotency', 'with', 'proteins', 'replacing', 'nucleic', 'acid', 'based', 'approaches', ',', 'and', 'raises', 'intriguing', 'question', 'as', 'whether', 'can', 'act', 'non', 'cell', 'autonomously']"
7,
