,OUTPUT
0,Bleb Formation in Human Fibrosarcoma HT1080 Cancer Cell Line Is Positively Regulated by the Lipid Signalling Phospholipase D2 (PLD2)
1,"Achievements in the Life SciencesVolume 10, Issue 2, December 2016, Pages 125-135"
2,Godwin A.PonuweiPhil R.Dash1
3,"AbstractBlebs are spherical plasma membrane protrusions formed when the membrane detaches from the underlying cortex as a result of actomyosin contractility-powered increase of hydrostatic pressure in the cytoplasm. Different tumour cells metastasize using blebbing as alternative mode of migration by squeezing through pre-existing pores in the extracellular matrix (ECM). This study investigated the role of the lipid signalling phospholipases D1 and D2 (PLD1/PLD2) in bleb formation in human fibrosarcoma HT1080 cell line in the extracellular matrix, and reports that pharmacological inhibition of PLD1 and PLD2 with a potent universal PLD inhibitor potently inhibited bleb formation in HT1080 cells embedded in three-dimensional (3D) matrigel matrix. Use of smartpool small interfering RNAs (siRNAs) that target PLD1 and PLD2 isoforms at four different sequences revealed that PLD2, but not PLD1 is involved in blebbing of HT1080 cells. Furthermore, we demonstrate that PLD2-mediated bleb formation is via the PA-LPAR-Rho-ROCK signalling pathway. Thus, PLD2 is a promising therapeutic target in combating metastasis of cancers of fibrous connective tissues."
4,KeywordsBlebsCancerCortexContractilityMembranePhospholipase D
5,<FreqDist with 123 samples and 198 outcomes>
6,"['ï', '»¿', 'AbstractBlebs', 'are', 'spherical', 'plasma', 'protrusions', 'formed', 'when', 'detaches', 'from', 'underlying', 'cortex', 'result', 'actomyosin', 'contractility', 'powered', 'increase', 'hydrostatic', 'pressure', 'cytoplasm', 'Different', 'tumour', 'metastasize', 'using', 'alternative', 'mode', 'migration', 'by', 'squeezing', 'through', 'pre', 'existing', 'pores', 'ECM', ').', 'This', 'study', 'investigated', 'role', 'lipid', 'phospholipases', 'D1', 'D2', '/', 'human', 'fibrosarcoma', 'cell', 'line', 'reports', 'pharmacological', 'inhibition', 'with', 'potent', 'universal', 'PLD', 'inhibitor', 'potently', 'inhibited', 'embedded', 'three', 'dimensional', '3D', 'matrigel', 'Use', 'smartpool', 'small', 'interfering', 'RNAs', 'siRNAs', 'isoforms', 'at', 'four', 'different', 'sequences', 'revealed', 'but', 'not', 'involved', 'Furthermore', 'we', 'demonstrate', 'mediated', 'via', 'PA', 'LPAR', 'Rho', 'ROCK', 'pathway', 'Thus', 'promising', 'therapeutic', 'combating', 'metastasis', 'cancers', 'fibrous', 'connective', 'tissues']"
7,
