,OUTPUT
0,Regulatory functions and pathological relevance of the MECP2 3′UTR in the central nervous system
1,"Cell RegenerationVolume 4, Issue 1, 2015, 4:9"
2,HeatherMcGowan1Zhiping P.Pang1
3,"AbstractMethyl-CpG-binding protein 2 (MeCP2), encoded by the gene MECP2, is a transcriptional regulator and chromatin-remodeling protein, which is ubiquitously expressed and plays an essential role in the development and maintenance of the central nervous system (CNS). Highly enriched in post-migratory neurons, MeCP2 is needed for neuronal maturation, including dendritic arborization and the development of synapses. Loss-of-function mutations in MECP2 cause Rett syndrome (RTT), a debilitating neurodevelopmental disorder characterized by a phase of normal development, followed by the progressive loss of milestones and cognitive disability. While a great deal has been discovered about the structure, function, and regulation of MeCP2 in the time since its discovery as the genetic cause of RTT, including its involvement in a number of RTT-related syndromes that have come to be known as MeCP2-spectrum disorders, much about this multifunctional protein remains enigmatic. One unequivocal fact that has become apparent is the importance of maintaining MeCP2 protein levels within a narrow range, the limits of which may depend upon the cell type and developmental time point. As such, MeCP2 is amenable to complex, multifactorial regulation. Here, we summarize the role of the MECP2 3' untranslated region (UTR) in the regulation of MeCP2 protein levels and how mutations in this region contribute to autism and other non-RTT neuropsychiatric disorders."
4,KeywordsMethyl-CpG-binding protein 23' untranslated regionAutismRett syndromeAbbreviationsMeCP2methyl-CpG-binding protein 2CNSCentral Nervous SystemRTTRett Syndrome3'UTR3' untranslated regionmRNAmessenger RNAmiRNAmicroRNApoly(A)PolyadenylationCPSFCleavage and polyadenylation specificity factorGRSG-rich elementUSEUpstream sequence elementBDNFBrain derived neurotrophic factorCREBcAMP response element-binding proteinIGF2Insulin-like growth factor 2BWSBeckwith-Wiedemann syndrome
5,<FreqDist with 142 samples and 257 outcomes>
6,"['AbstractMethyl', 'CpG', 'binding', '2', 'encoded', 'gene', 'transcriptional', 'regulator', 'chromatin', 'remodeling', 'ubiquitously', 'expressed', 'plays', 'an', 'essential', 'maintenance', 'central', 'nervous', 'system', 'CNS', ').', 'Highly', 'enriched', 'post', 'migratory', 'neurons', 'needed', 'for', 'neuronal', 'maturation', 'dendritic', 'arborization', 'synapses', 'Loss', 'Rett', 'syndrome', 'debilitating', 'neurodevelopmental', 'disorder', 'characterized', 'phase', 'normal', 'followed', 'progressive', 'loss', 'milestones', 'cognitive', 'disability', 'While', 'great', 'deal', 'been', 'discovered', 'structure', 'since', 'discovery', 'genetic', 'involvement', 'number', 'related', 'syndromes', 'have', 'come', 'be', 'known', 'spectrum', 'much', 'multifunctional', 'remains', 'enigmatic', 'One', 'unequivocal', 'fact', 'become', 'apparent', 'importance', 'maintaining', 'within', 'narrow', 'range', 'limits', 'may', 'depend', 'upon', 'cell', 'type', 'developmental', 'point', 'As', 'such', 'amenable', 'complex', 'multifactorial', 'Here', 'we', 'summarize', '3', ""'"", 'untranslated', 'UTR', ')', 'how', 'contribute', 'autism', 'other', 'non', 'neuropsychiatric']"
7,
