,OUTPUT
0,Role of Oct4 in the early embryo development
1,"Cell RegenerationVolume 3, Issue 1, 2014, 3:7"
2,GuangmingWu1Hans RSchöler12
3,"AbstractOct4 is a key component of the pluripotency regulatory network, and its reciprocal interaction with Cdx2 has been shown to be a determinant of either the self-renewal of embryonic stem cells (ESCs) or their differentiation into trophoblast. Oct4 of maternal origin is postulated to play critical role in defining totipotency and inducing pluripotency during embryonic development. However, the genetic elimination of maternal Oct4 using a Cre-lox approach in mouse revealed that the establishment of totipotency in maternal Oct4–depleted embryos was not affected, and that these embryos could complete full-term development without any obvious defect. These results indicate that Oct4 is not essential for the initiation of pluripotency, in contrast to its critical role in maintaining pluripotency. This conclusion is further supported by the formation of Oct4-GFP– and Nanog- expressing inner cell masses (ICMs) in embryos with complete inactivation of both maternal and zygotic Oct4 expression and the reprogramming of fibroblasts into fully pluripotent cells by Oct4-deficient oocytes."
4,KeywordsOct4Oct4BTotipotencyPluripotencyEmbryoDevelopmentAbbreviationsICMInner cell massESCsEmbryonic stem cellsTETrophectodermPGCsPrimordial germ cellsPit-Oct-UncPOUPOUSPOU-specificPOUHDHomeodomainN-domainN-terminal domainC-domainC-terminal domainBMPBone morphogenetic proteinLIFLeukemia inhibitory factorGVGerminal vesicleZGAZygotic genome activationMIIMetaphase IISNSurrounded nucleolusNSNNot surrounded nucleolusNTNuclear transferPCRPolymerase chain reactionRT-PCRReverse transcriptase PCRiPSCsInduced pluripotent stem cellsDEDistal enhancerPEProximal enhancerPPProximal promoterHREsHormone response elementsSF1Steroidogenic Factor-1RXR-BetaRetinoid X Receptor-BetaGCNFGerm Cell Nuclear FactorCOUF-TFI/IIChicken Ovalbumin Upstream promoter-Transcription Factors- I/IIBRGCBrg1-dependent chromatin remodeling complexEif4elooOocyte-specific eukaryotic translation initiation factor 4EAIDActivation-induced cytidine deaminasesiRNASmall interfering RNARNAiRNA interferenceCRsConserved regionsdpcDays post coitumdppdays post partum
5,<FreqDist with 109 samples and 184 outcomes>
6,"['AbstractOct4', 'key', 'component', 'regulatory', 'network', 'reciprocal', 'interaction', 'Cdx2', 'has', 'been', 'shown', 'be', 'determinant', 'either', 'self', 'renewal', 'stem', 'ESCs', 'or', 'their', 'differentiation', 'trophoblast', 'origin', 'postulated', 'play', 'defining', 'inducing', 'during', 'However', 'genetic', 'elimination', 'using', 'Cre', 'lox', 'approach', 'mouse', 'revealed', 'establishment', 'depleted', 'was', 'affected', 'these', 'could', 'full', 'term', 'without', 'any', 'obvious', 'defect', 'These', 'results', 'indicate', 'essential', 'for', 'initiation', 'contrast', 'maintaining', 'This', 'conclusion', 'further', 'supported', 'formation', 'GFP', 'Nanog', 'expressing', 'inner', 'cell', 'masses', 'ICMs', 'inactivation', 'both', 'zygotic', 'expression', 'reprogramming', 'fibroblasts', 'fully', 'pluripotent', 'deficient', 'oocytes']"
7,
