,OUTPUT
0,Mouse embryonic stem cells resist c-Jun induced differentiation when in suspension
1,"Cell RegenerationVolume 7, Issue 1, September 2018, Pages 16-21"
2,BoWangabdfDongweiLiabcefJiekaiChenabcfJingLiuabfDuanqingPeiabcf
3,"AbstractThe oncogene c-Jun plays a key role in development and cancer. Yet, its role in cell fate decision remains poorly understood at the molecular level. Here we report that c-Jun confers different fate decisions upon mouse embryonic stem cells (mESCs) in adhesion vs suspension culture. We developed a Tet-on system for temporal induction of c-Jun expression by Doxycycline treatment in mESCs. We show that mESCs carrying the inducible c-Jun TetOn remain pluripotent and grow slowly in suspension when c-Jun expression is induced, whilst when the cells adhere they undergo differentiation and show normal proliferative potential upon c-Jun induction. Our data indicates that c-Jun pushes mESCs in suspension into cell cycle arrest at G1/S, by activating the cell cycle inhibitors Cdkn1a/b and Cdkn2/a/b/c. Despite this cell cycle arrest, they can still re-enter the cell cycle upon transfer to an adhesive surface, and grow into typical mESC colonies, albeit at a lower efficiency. These results demonstrate that mESCs respond to induced c-Jun overexpression differently in suspension or adherent cultures. Our results suggest that cells in suspension may be more resistant to differentiation than when they adhere."
4,Keywordsc-JunmESCsDifferentiationSuspension
5,<FreqDist with 125 samples and 231 outcomes>
6,"['bstractThe', 'oncogene', 'plays', 'key', 'development', 'cancer', 'Yet', 'its', 'decision', 'remains', 'poorly', 'understood', 'molecular', 'level', 'Here', 'we', 'report', 'confers', 'different', 'decisions', 'mouse', 'embryonic', 'stem', '(', ')', 'adhesion', 'vs', 'culture', 'developed', 'Tet', 'on', 'system', 'for', 'temporal', 'of', 'Doxycycline', 'treatment', 'carrying', 'inducible', 'TetOn', 'remain', 'pluripotent', 'slowly', 'is', 'whilst', 'undergo', 'normal', 'proliferative', 'potential', 'data', 'indicates', 'pushes', 'G1', 'S', 'activating', 'inhibitors', 'Cdkn1a', 'Cdkn2', 'Despite', 'this', 'can', 'still', 're', 'enter', 'transfer', 'an', 'adhesive', 'surface', 'typical', 'mESC', 'colonies', 'albeit', 'lower', 'efficiency', 'These', 'demonstrate', 'respond', 'overexpression', 'differently', 'or', 'adherent', 'cultures', 'suggest', 'may', 'be', 'more', 'resistant', 'than']"
7,
