,OUTPUT
0,"Trends in health service use and potentially avoidable hospitalizations before Alzheimer's disease diagnosis: A matched, retrospective study of US Medicare beneficiaries"
1,"Alzheimer's & Dementia: Diagnosis, Assessment & Disease MonitoringVolume 11, December 2019, Pages 125-135"
2,UrviDesaiaNoam Y.KirsonaWenyuYebNori R.MehtaaJodyWenaJ. ScottAndrewsb
3,"AbstractIntroductionThis study evaluates rates of all-cause emergency department visits, all-cause hospitalizations, potentially avoidable hospitalizations, and falls in 3 years preceding Alzheimer's disease (AD) diagnosis.MethodsPatients with AD and controls with no cognitive impairment were identified from the Medicare claims data. Patients were required to be aged ≥ 65 years and have continuous Medicare enrollment for ≥4 years before the index date (AD cohort: first AD diagnosis in 2012–2014; controls: randomly selected medical claim). Outcomes for each preindex year were compared among propensity score-matched cohorts.ResultsEach year, before index, patients with AD were more likely to have all-cause emergency department visits, all-cause hospitalizations, potentially avoidable hospitalizations, and falls (P < .05 for all comparisons) than matched controls (N = 19,679 pairs). Increasing absolute and relative risks over time were observed for all outcomes.DiscussionThe study findings highlight the growing burden of illness before AD diagnosis and emphasize the need for timely recognition and management of patients with AD."
4,KeywordsPAHHospitalizationsCostsAlzheimer's diseaseFalls
5,<FreqDist with 112 samples and 199 outcomes>
6,"['AbstractIntroductionThis', 'evaluates', 'rates', '3', 'preceding', 'Alzheimer', ""'"", 's', 'disease', 'MethodsPatients', 'no', 'cognitive', 'impairment', 'identified', 'from', 'claims', 'data', 'Patients', 'required', 'be', 'aged', '65', 'continuous', 'enrollment', '4', 'date', 'cohort', 'first', '2012', '\x96', '2014', ';', 'randomly', 'selected', 'medical', 'claim', 'Outcomes', 'each', 'preindex', 'compared', 'among', 'propensity', 'score', 'cohorts', 'ResultsEach', 'more', 'likely', 'P', '<', '05', 'comparisons', 'than', 'N', '19', '679', 'pairs', 'Increasing', 'absolute', 'relative', 'risks', 'over', 'time', 'observed', 'outcomes', 'DiscussionThe', 'findings', 'highlight', 'growing', 'burden', 'illness', 'emphasize', 'need', 'timely', 'recognition', 'management']"
7,
