,OUTPUT
0,"glbase: a framework for combining, analyzing and displaying heterogeneous genomic and high-throughput sequencing data"
1,"Cell RegenerationVolume 3, Issue 1, 2014, 3:1"
2,Andrew PaulHutchins1RalfJauch23MateuszDyla34DiegoMiranda-Saavedra5
3,"AbstractGenomic datasets and the tools to analyze them have proliferated at an astonishing rate. However, such tools are often poorly integrated with each other: each program typically produces its own custom output in a variety of non-standard file formats. Here we present glbase, a framework that uses a flexible set of descriptors that can quickly parse non-binary data files. glbase includes many functions to intersect two lists of data, including operations on genomic interval data and support for the efficient random access to huge genomic data files. Many glbase functions can produce graphical outputs, including scatter plots, heatmaps, boxplots and other common analytical displays of high-throughput data such as RNA-seq, ChIP-seq and microarray expression data. glbase is designed to rapidly bring biological data into a Python-based analytical environment to facilitate analysis and data processing. In summary, glbase is a flexible and multifunctional toolkit that allows the combination and analysis of high-throughput data (especially next-generation sequencing and genome-wide data), and which has been instrumental in the analysis of complex data sets. glbase is freely available at http://bitbucket.org/oaxiom/glbase/."
4,KeywordsChIP-seqRNA-seqGenomicsMicroarrayMotifsTranscription factorBioinformaticsAbbreviationsTSVTab-separated valueBEDBrowser extensible dataGTFGene transfer formatSAMSequence alignment/map
5,<FreqDist with 135 samples and 221 outcomes>
6,"['AbstractGenomic', 'datasets', 'analyze', 'them', 'have', 'proliferated', 'an', 'astonishing', 'rate', 'However', 'are', 'often', 'poorly', 'integrated', 'with', ':', 'program', 'typically', 'produces', 'its', 'own', 'custom', 'output', 'variety', 'standard', 'file', 'formats', 'Here', 'we', 'present', 'framework', 'uses', 'set', 'descriptors', 'quickly', 'parse', 'binary', 'includes', 'many', 'intersect', 'two', 'lists', 'operations', 'on', 'interval', 'support', 'for', 'efficient', 'random', 'access', 'huge', 'Many', 'produce', 'graphical', 'outputs', 'scatter', 'plots', 'heatmaps', 'boxplots', 'common', 'displays', 'as', 'RNA', 'ChIP', 'microarray', 'expression', 'designed', 'rapidly', 'bring', 'biological', 'into', 'Python', 'based', 'environment', 'facilitate', 'processing', 'In', 'summary', 'multifunctional', 'toolkit', 'allows', 'combination', '(', 'especially', 'next', 'generation', 'sequencing', 'genome', 'wide', '),', 'which', 'has', 'been', 'instrumental', 'complex', 'sets', 'freely', 'available', 'http', '://', 'bitbucket', 'org', 'oaxiom', '/.']"
7,
