,OUTPUT
0,Vascularization mediated by mesenchymal stem cells from bone marrow and adipose tissue: a comparison
1,"Cell RegenerationVolume 4, Issue 1, 2015, 4:8"
2,KarolinePill12SandraHofmann345HeinzRedl12WolfgangHolnthoner12
3,"AbstractTissue-engineered constructs are promising to overcome shortage of organ donors and to reconstruct at least parts of injured or diseased tissues or organs. However, oxygen and nutrient supply are limiting factors in many tissues, especially after implantation into the host. Therefore, the development of a vascular system prior to implantation appears crucial. To develop a functional vascular system, different cell types that interact with each other need to be co-cultured to simulate a physiological environment in vitro. This review provides an overview and a comparison of the current knowledge of co-cultures of human endothelial cells (ECs) with human adipose tissue-derived stem/stromal cells (ASCs) or bone marrow-mesenchymal stem cells (BMSCs) in three dimensional (3D) hydrogel matrices. Mesenchymal stem cells (MSCs), BMSCs or ASCs, have been shown to enhance vascular tube formation of ECs and to provide a stabilizing function in addition to growth factor delivery and permeability control for ECs. Although phenotypically similar, MSCs from different tissues promote tubulogenesis through distinct mechanisms. In this report, we describe differences and similarities regarding molecular interactions in order to investigate which of these two cell types displays more favorable characteristics to be used in clinical applications. Our comparative study shows that ASCs as well as BMSCs are both promising cell types to induce vascularization with ECs in vitro and consequently are promising candidates to support in vivo vascularization."
4,KeywordsVascularizationEndothelial cellsMesenchymal stem cellsCo-cultureMolecular mechanismsAbbreviations3Dthree dimensionalα-SMAalpha smooth muscle actinAngangiopoietinASCsadipose tissue-derived stem/stromal cellsBMbone marrowBMSCsbone marrow-mesenchymal stem cellsCDH5cadherin 5COL1A1collagen type 1 alpha 1CxconnexinECsendothelial cellsECFCsendothelial colony forming cellsECMextra cellular matrixEGFepidermal growth factorsEPCsendothelial progenitor cellsFGF-2fibroblast growth factor-2HDMVECshuman dermal microvascular endothelial cellsHGFhepatocyte growth factorHUVECshuman umbilical vein endothelial cellsIBSPintegrin-binding sialoproteinMMPsmatrix metalloproteinasesMSCsmesenchymal stem cellsMT1-MMPmembrane type-1 matrix metalloproteinaseNG2neuron-glial antigen 2OECsoutgrowth endothelial cellsPBMNCsperipheral blood mononuclear cellsPD-ECGFplatelet-derived epithelial cell growth factorPDGFplatelet-derived growth factorPDGFRplatelet-derived growth factor receptorSP7transcription factor 7TGFB1transforming growth factor beta 1TIMPtissue inhibitor of metalloproteinaseTNF-αtumor necrosis factor alphaVE-cadherinvascular endothelial—CadherinVEGFvascular endothelial growth factorVEGFAvascular endothelial growth factor AVEGFR-2vascular endothelial growth factor receptor—2vWFVon Willebrand factorWGAwheat germ agglutinin
5,<FreqDist with 159 samples and 262 outcomes>
6,"['AbstractTissue', 'engineered', 'constructs', 'overcome', 'shortage', 'organ', 'donors', 'reconstruct', 'at', 'least', 'parts', 'injured', 'diseased', 'organs', 'However', 'oxygen', 'nutrient', 'supply', 'limiting', 'factors', 'many', 'especially', 'after', 'into', 'host', 'Therefore', 'development', 'prior', 'appears', 'crucial', 'To', 'develop', 'functional', 'interact', 'each', 'other', 'need', 'cultured', 'simulate', 'physiological', 'environment', 'This', 'review', 'provides', 'an', 'overview', 'comparison', 'current', 'knowledge', 'cultures', 'endothelial', 'adipose', 'tissue', 'derived', '/', 'stromal', 'bone', 'marrow', 'mesenchymal', 'three', 'dimensional', '3D', 'hydrogel', 'matrices', 'Mesenchymal', '),', 'have', 'been', 'shown', 'enhance', 'tube', 'formation', 'provide', 'stabilizing', 'function', 'addition', 'growth', 'factor', 'delivery', 'permeability', 'control', 'for', 'Although', 'phenotypically', 'similar', 'from', 'promote', 'tubulogenesis', 'through', 'distinct', 'mechanisms', 'In', 'this', 'report', 'we', 'describe', 'differences', 'similarities', 'regarding', 'molecular', 'interactions', 'order', 'investigate', 'which', 'these', 'two', 'displays', 'more', 'favorable', 'characteristics', 'used', 'clinical', 'applications', 'Our', 'comparative', 'study', 'shows', 'well', 'both', 'induce', 'consequently', 'candidates', 'support', 'vivo']"
7,
