,OUTPUT
0,Enzymatic and non-enzymatic isolation systems for adipose tissue-derived cells: current state of the art
1,"Cell RegenerationVolume 4, Issue 1, 2015, 4:7"
2,EleniOberbauer12†CarolinSteffenhagen12†ChristophWurzer12ChristianGabriel123HeinzRedl12SusanneWolbank12
3,"AbstractIn the past decade, adipose tissue became a highly interesting source of adult stem cells for plastic surgery and regenerative medicine. The isolated stromal vascular fraction (SVF) is a heterogeneous cell population including the adipose-derived stromal/stem cells (ASC), which showed regenerative potential in several clinical studies and trials. SVF should be provided in a safe and reproducible manner in accordance with current good manufacturing practices (cGMP). To ensure highest possible safety for patients, a precisely defined procedure with a high-quality control is required. Hence, an increasing number of adipose tissue-derived cell isolation systems have been developed. These systems aim for a closed, sterile, and safe isolation process limiting donor variations, risk for contaminations, and unpredictability of the cell material. To isolate SVF from adipose tissue, enzymes such as collagenase are used. Alternatively, in order to avoid enzymes, isolation systems using physical forces are available. Here, we provide an overview of known existing enzymatic and non-enzymatic adipose tissue-derived cell isolation systems, which are patented, published, or already on the market."
4,KeywordsHuman adipose tissueStromal vascular fractionAdipose-derived stromal/stem cellsEnzymaticNon-enzymaticIsolation systems
5,<FreqDist with 127 samples and 209 outcomes>
6,"['AbstractIn', 'past', 'decade', 'became', 'highly', 'interesting', 'source', 'adult', 'plastic', 'surgery', 'medicine', 'The', 'isolated', 'vascular', 'fraction', ')', 'heterogeneous', 'population', 'including', '/', 'ASC', '),', 'showed', 'potential', 'several', 'clinical', 'studies', 'trials', 'should', 'be', 'provided', 'reproducible', 'manner', 'accordance', 'current', 'good', 'manufacturing', 'practices', 'cGMP', ').', 'ensure', 'highest', 'possible', 'safety', 'patients', 'precisely', 'defined', 'procedure', 'high', 'quality', 'control', 'required', 'Hence', 'increasing', 'number', 'have', 'been', 'developed', 'These', 'aim', 'closed', 'sterile', 'process', 'limiting', 'donor', 'variations', 'risk', 'contaminations', 'unpredictability', 'material', 'isolate', 'from', 'such', 'as', 'collagenase', 'used', 'Alternatively', 'order', 'to', 'avoid', 'using', 'physical', 'forces', 'available', 'Here', 'we', 'provide', 'overview', 'known', 'existing', 'non', 'patented', 'published', 'or', 'already', 'on', 'market']"
7,
