,OUTPUT
0,Combined influence of basal media and fibroblast growth factor on the expansion and differentiation capabilities of adipose-derived stem cells
1,"Cell RegenerationVolume 3, Issue 1, 2014, 3:13"
2,MarkAhearne12JoanneLysaght3Amy PLynch12
3,"AbstractBackgroundInterest in adipose-derived stem cells (ASCs) has increased in recent years due to their multi-linage differentiation capabilities. While much work has been done to optimize the differentiation media, few studies have focused on examining the influence of different expansion media on cell behavior. In this study, three basal media (low glucose Dulbecco’s modified Eagle’s medium (DMEM), high glucose DMEM and DMEM-F12) supplemented with or without fibroblast growth factor 2 (FGF) were examined to assess their suitability for expanding ASCs.FindingsFlow cytometry, colony-forming unit assays (CFU-Fs) and differentiation assays were utilized to study cell behavior. High glucose media CFU-Fs produced fewest colonies while the addition of FGF increased colony size. By passage 2, the majority of cells were positive for CD44, 45, 73, 90 and 105 and negative for CD14, 31 and 45, indicating a mesenchymal phenotype. A sub-population of CD34 positive cells was present among passage 2 cells; however, by passage 4 the cells were negative for CD34. FGF has a negative effective on passage 4 ASC adipogenesis and high glucose media plus FGF-enhanced osteogenic capacity of passage 4 ASCs. FGF supplemented basal media were most suitable for chondrogenesis. High glucose media plus FGF appeared to be the most beneficial for priming ASCs to induce a keratocyte phenotype.ConclusionsThese findings demonstrate the reciprocal effect FGF and basal media have on ASCs. This research has implications for those interested regenerating bone, cartilage, cornea or adipose tissues."
4,KeywordsCell differentiationCartilageBoneAdiposeCorneaAbbreviationsALDH3A1Aldehyde dehydrogenases 3A1αSMAalpha smooth muscle actinASCAdipose derived stem cellCFU-FColony-forming unit assayCOL1A1Collagen type ICOL3A1Collagen type IIIDMEMDulbecco’s modified Eagle’s mediumFBSFetal bovine serumFGFFibroblast growth factor 2F12DMEM plus nutrient mix F12GAPDHGlyceraldehyde-3-phosphate dehydrogenaseHGHigh glucose mediaLGLow glucose mediaP2Passage 2P4Passage 4RT-PCRReal-time reverse transcription polymerase chain reactionSOX2Sex determining region Y box 2
5,<FreqDist with 150 samples and 290 outcomes>
6,"['AbstractBackgroundInterest', 'derived', 'stem', 'recent', 'years', 'due', 'multi', 'linage', 'capabilities', 'While', 'much', 'work', 'been', 'done', 'optimize', 'few', 'studies', 'focused', 'examining', 'influence', 'different', 'expansion', 'In', 'this', 'three', 'low', 'Dulbecco', 'modified', 'Eagle', 'medium', '),', 'F12', 'with', 'without', 'fibroblast', 'growth', 'factor', 'examined', 'assess', 'suitability', 'expanding', 'FindingsFlow', 'cytometry', 'forming', 'unit', 'utilized', 'produced', 'fewest', 'colonies', 'while', 'addition', 'size', 'By', 'majority', 'CD44', '73', '90', '105', 'CD14', '31', 'indicating', 'mesenchymal', 'A', 'sub', 'population', 'was', 'present', 'among', ';', 'however', 'by', 'effective', 'ASC', 'adipogenesis', 'enhanced', 'osteogenic', 'capacity', 'suitable', 'chondrogenesis', 'appeared', 'be', 'beneficial', 'priming', 'induce', 'keratocyte', 'ConclusionsThese', 'findings', 'demonstrate', 'reciprocal', 'effect', 'This', 'research', 'implications', 'those', 'interested', 'regenerating', 'bone', 'cartilage', 'cornea', 'tissues']"
7,
