,OUTPUT
0,Cardiac progenitor reprogramming for heart regeneration
1,"Cell RegenerationVolume 7, Issue 1, September 2018, Pages 1-6"
2,BehnamEbrahimi
3,"AbstractMyocardial infarction leads to the loss of a huge number of cardiomyocytes and the reparatory response to this phenomenon is scar tissue formation, which impairs heart function. Direct reprogramming technology offers an alternative strategy for the generation of functional cardiomyocytes not only in vitro, but also in vivo in the site of injury. Results have demonstrated cardiac tissue regeneration and improvement in heart function after myocardial infarction following local injection of vectors encoding reprogramming transcription factors or miRNAs. This shows the great potential of cardiac reprogramming technology for heart regeneration. However, in addition to cardiomyocytes, other cell types, including endothelial cells and smooth muscle cells are also required to be generated in the damaged area in order to achieve complete cardiac tissue regeneration. To this aim induced proliferative/expandable cardiovascular progenitor cells (iCPCs) appear to be an appropriate cell source, which is capable of differentiation into three cardiovascular lineages both in vitro and in vivo. In this regard, this study goes over in vitro and in vivo cardiac reprogramming technology and specifically deals with cardiac progenitor reprogramming and its potential for heart regeneration."
4,"KeywordsCellular reprogrammingTransdifferentiationMyocardial infarctionHeart regenerationAbbreviationsiCMsinduced cardiomyocytesiCPCsinduced cardiac progenitor cellsiCSsinduced cardiospheresTFtranscription factoriPSCinduced pluripotent stem cellGMTGata4, Mef2c, and Tbx5CASDcell-activation and signaling-directedECsendothelial cellsSMCssmooth muscle cellsp38 MAPKp38 mitogen-activated protein kinase pathwayPI3K/AKTphosphoinositol 3-kinase pathwayFGFfibroblast growth factorVEGFvascular endothelial growth factor"
5,<FreqDist with 114 samples and 200 outcomes>
6,"['AbstractMyocardial', 'leads', 'loss', 'a', 'huge', 'number', 'reparatory', 'response', 'phenomenon', 'scar', 'formation', 'impairs', 'Direct', 'offers', 'alternative', 'strategy', 'generation', 'functional', 'not', 'only', 'but', 'site', 'injury', 'Results', 'have', 'demonstrated', 'improvement', 'after', 'myocardial', 'following', 'local', 'injection', 'vectors', 'encoding', 'transcription', 'factors', 'or', 'miRNAs', 'This', 'shows', 'great', 'However', 'addition', 'other', 'types', 'including', 'endothelial', 'smooth', 'muscle', 'are', 'required', 'generated', 'damaged', 'area', 'order', 'achieve', 'complete', 'To', 'aim', 'induced', 'proliferative', '/', 'expandable', '(', 'iCPCs', ')', 'appear', 'appropriate', 'source', 'capable', 'differentiation', 'into', 'three', 'lineages', 'both', 'In', 'regard', 'study', 'goes', 'over', 'specifically', 'deals', 'with', 'its']"
7,
