,OUTPUT
0,Nuclear-cytoplasmic shuttling of class IIa histone deacetylases regulates somatic cell reprogramming
1,"Cell RegenerationVolume 8, Issue 1, June 2019, Pages 21-29"
2,ZhiweiLuoabcefXiaobingQingcChristinaBendacZhijianHuangcMengZhangabcefYinghuaHuangabdfHuiZhangabdfLuluWangabdefYiweiLaiabcefCarlWardabcfGiacomoVolpeabcfXiaofenZhongaBaomingQinabdfQiangZhuangcMiguel A.EstebanabcfgiWenjuanLigh
3,"AbstractClass IIa histone deacetylases (HDACs) are a subfamily of HDACs with important functions in development and adult tissue homeostasis. As opposed to other HDACs, they lack catalytic function and bind transcription factors to recruit transcriptional co-regulators, mostly co-repressors such as nuclear receptor co-repressor (NCoR)/silencing mediator of retinoid and thyroid hormone receptor (SMRT). Class IIa HDACs enhance mouse somatic cell reprogramming to induced pluripotent stem cells (iPSCs) by repressing the function of the pro-mesenchymal transcription factor myocyte enhancer factor 2 (MEF2), which is upregulated during this process. Here, we describe, using HDAC4 and 7 as examples, that class IIa HDACs exhibit nuclear-cytoplasmic trafficking in reprogramming, being mostly cytoplasmic in donor fibroblasts and intermediate cells but translocating to the nucleus in iPSCs. Importantly, over-expressing a mutant form of HDAC4 or 7 that becomes trapped in the nucleus enhances the early phase of reprogramming but is deleterious afterwards. The latter effect is mediated through binding to the exogenous reprogramming factors at pluripotency loci, and the subsequent recruitment of NCoR/SMRT co-repressors. Thus, our findings uncover a context-dependent function of class IIa HDACs in reprogramming and further reinforce the idea that recruitment of co-repressors by the exogenous factors is a major obstacle for reactivating the pluripotency network in this process."
4,KeywordsSomatic cell reprogrammingiPSCsClass IIa HDACsNCoR/SMRT co-repressorsMesenchymal-to-epithelial transitionPluripotency
5,<FreqDist with 141 samples and 251 outcomes>
6,"['AbstractClass', 'histone', 'deacetylases', 'are', 'subfamily', 'with', 'important', 'functions', 'development', 'adult', 'tissue', 'homeostasis', 'As', 'opposed', 'other', 'they', 'lack', 'catalytic', 'bind', 'recruit', 'transcriptional', 'regulators', 'such', 'repressor', ')/', 'silencing', 'mediator', 'retinoid', 'thyroid', 'hormone', ').', 'Class', 'enhance', 'mouse', 'somatic', 'cell', 'induced', 'pluripotent', 'stem', 'repressing', 'pro', 'mesenchymal', 'myocyte', 'enhancer', '2', 'MEF2', '),', 'which', 'upregulated', 'during', 'Here', 'we', 'describe', 'using', 'examples', 'exhibit', 'trafficking', 'being', 'donor', 'fibroblasts', 'intermediate', 'translocating', 'Importantly', 'over', 'expressing', 'mutant', 'form', 'or', 'becomes', 'trapped', 'enhances', 'early', 'phase', 'deleterious', 'afterwards', 'The', 'latter', 'effect', 'mediated', 'through', 'binding', 'at', 'loci', 'subsequent', '/', 'Thus', 'our', 'findings', 'uncover', 'context', 'dependent', 'further', 'reinforce', 'idea', 'major', 'obstacle', 'for', 'reactivating', 'network']"
7,
