,OUTPUT
0,Predicting time to dementia using a quantitative template of disease progression
1,"Alzheimer's & Dementia: Diagnosis, Assessment & Disease MonitoringVolume 11, December 2019, Pages 205-215"
2,MuratBilgelaBruno M.JedynakbAlzheimer's Disease Neuroimaging Initiative1
3,"AbstractIntroductionCharacterization of longitudinal trajectories of biomarkers implicated in sporadic Alzheimer's disease (AD) in decades before clinical diagnosis is important for disease prevention and monitoring.MethodsWe used a multivariate Bayesian model to temporally align 1369 Alzheimer's disease Neuroimaging Initiative participants based on the similarity of their longitudinal biomarker measures and estimated a quantitative template of the temporal evolution of cerebrospinal fluid Aβ1−42, p-tau181p, and t-tau and hippocampal volume, brain glucose metabolism, and cognitive measurements. We computed biomarker trajectories as a function of time to AD dementia and predicted AD dementia onset age in a disjoint sample.ResultsQuantitative template showed early changes in verbal memory, cerebrospinal fluid Aβ1–42 and p-tau181p, and hippocampal volume. Mean error in predicted AD dementia onset age was <1.5 years.DiscussionOur method provides a quantitative approach for characterizing the natural history of AD starting at preclinical stages despite the lack of individual-level longitudinal data spanning the entire disease timeline."
4,KeywordsAlzheimerDementiaOnsetPredictionLongitudinalBiomarkersCognitionQuantitative templateKaplan-Meier
5,<FreqDist with 112 samples and 184 outcomes>
6,"['AbstractIntroductionCharacterization', 'biomarkers', 'implicated', 'sporadic', '(', ')', 'decades', 'before', 'clinical', 'diagnosis', 'is', 'important', 'prevention', 'monitoring', 'MethodsWe', 'used', 'multivariate', 'Bayesian', 'model', 'temporally', 'align', '1369', 'Neuroimaging', 'Initiative', 'participants', 'based', 'on', 'similarity', 'their', 'measures', 'estimated', 'temporal', 'evolution', 't', 'tau', 'brain', 'glucose', 'metabolism', 'cognitive', 'measurements', 'We', 'computed', 'as', 'function', 'time', 'disjoint', 'sample', 'ResultsQuantitative', 'showed', 'early', 'changes', 'verbal', 'memory', '\x96', 'Mean', 'error', 'was', '<', '1', '5', 'years', 'DiscussionOur', 'method', 'provides', 'approach', 'characterizing', 'natural', 'history', 'starting', 'at', 'preclinical', 'stages', 'despite', 'lack', 'individual', 'level', 'data', 'spanning', 'entire', 'timeline']"
7,
