,OUTPUT
0,GATA2−/− human ESCs undergo attenuated endothelial to hematopoietic transition and thereafter granulocyte commitment
1,"Cell RegenerationVolume 4, Issue 1, 2015, 4:4"
2,KeHuang12JuanDu12NingMa12JiajunLiu3PengfeiWu12XiaoyaDong3MinghuiMeng12WenqianWang3XinChen12XiShi12QianyuChen12ZhongzhouYang12ShubinChen12JianZhang12YuhangLi4WeiLi12YiZheng12JingleiCai12…GuangjinPan12
3,"AbstractBackgroundHematopoiesis is a progressive process collectively controlled by an elaborate network of transcription factors (TFs). Among these TFs, GATA2 has been implicated to be critical for regulating multiple steps of hematopoiesis in mouse models. However, whether similar function of GATA2 is conserved in human hematopoiesis, especially during early embryonic development stage, is largely unknown.ResultsTo examine the role of GATA2 in human background, we generated homozygous GATA2 knockout human embryonic stem cells (GATA2−/− hESCs) and analyzed their blood differentiation potential. Our results demonstrated that GATA2−/− hESCs displayed attenuated generation of CD34+CD43+ hematopoietic progenitor cells (HPCs), due to the impairment of endothelial to hematopoietic transition (EHT). Interestingly, GATA2−/− hESCs retained the potential to generate erythroblasts and macrophages, but never granulocytes. We further identified that SPI1 downregulation was partially responsible for the defects of GATA2−/− hESCs in generation of CD34+CD43+ HPCs and granulocytes. Furthermore, we found that GATA2−/− hESCs restored the granulocyte potential in the presence of Notch signaling.ConclusionOur findings revealed the essential roles of GATA2 in EHT and granulocyte development through regulating SPI1, and uncovered a role of Notch signaling in granulocyte generation during hematopoiesis modeled by human ESCs."
4,KeywordshESCsGATA2EHTHPCGranulocyteNotch signalingAbbreviationsCFCscolony-forming cellsCFUcolony-forming unitEerythrocyteEHTendothelial to hematopoietic transitionGgranulocyteGMgranulocyte and macrophageGMPgranulocyte-macrophage progenitorHEhemogenic endotheliumhESCshuman embryonic stem cellsHPCshematopoietic progenitor cellsHSCshematopoietic stem cellsMmacrophage
5,<FreqDist with 122 samples and 224 outcomes>
6,"['AbstractBackgroundHematopoiesis', 'progressive', 'process', 'collectively', 'controlled', 'an', 'elaborate', 'network', 'transcription', 'factors', 'Among', 'these', 'has', 'been', 'implicated', 'be', 'critical', 'multiple', 'steps', 'mouse', 'models', 'However', 'whether', 'similar', 'function', 'conserved', 'especially', 'early', 'stage', 'largely', 'unknown', 'ResultsTo', 'examine', 'background', 'generated', 'homozygous', 'knockout', 'stem', ')', 'analyzed', 'their', 'blood', 'differentiation', 'Our', 'results', 'demonstrated', 'displayed', 'attenuated', 'progenitor', '),', 'due', 'impairment', 'endothelial', 'transition', 'Interestingly', 'retained', 'generate', 'erythroblasts', 'macrophages', 'but', 'never', 'We', 'further', 'identified', 'downregulation', 'was', 'partially', 'responsible', 'defects', 'Furthermore', 'found', 'restored', 'presence', 'ConclusionOur', 'findings', 'revealed', 'essential', 'roles', 'through', 'uncovered', 'modeled', 'ESCs']"
7,
