,OUTPUT
0,Loss of Mgat5a-mediated N-glycosylation stimulates regeneration in zebrafish
1,"Cell RegenerationVolume 5, Issue 1, 2016, 5:3"
2,WuhongPei1Sunny C.Huang1LishaXu1KadePettie1María LauraCeci2MarioSánchez2Miguel L.Allende2Shawn M.Burgess1
3,"AbstractBackgroundWe are using genetics to identify genes specifically involved in hearing regeneration. In a large-scale genetic screening, we identified mgat5a, a gene in the N-glycosylation biosynthesis pathway whose activity negatively impacts hair cell regeneration.MethodsWe used a combination of mutant analysis in zebrafish and a hair cell regeneration assay to phenotype the loss of Mgat5a activity in zebrafish. We used pharmacological inhibition of N-glycosylation by swansonine. We also used over-expression analysis by mRNA injections to demonstrate how changes in N-glycosylation can alter cell signaling.ResultsWe found that mgat5a was expressed in multiple tissues during zebrafish embryo development, particularly enriched in neural tissues including the brain, retina, and lateral line neuromasts. An mgat5a insertional mutation and a CRISPR/Cas9-generated truncation mutation both caused an enhancement of hair cell regeneration which could be phenocopied by pharmacological inhibition with swansonine. In addition to hair cell regeneration, inhibition of the N-glycosylation pathway also enhanced the regeneration of lateral line axon and caudal fins. Further analysis showed that N-glycosylation altered the responsiveness of TGF-beta signaling.ConclusionsThe findings from this study provide experimental evidence for the involvement of N-glycosylation in tissue regeneration and cell signaling."
4,"KeywordsZebrafishCRISPR/Cas9mgat5aN-glycosylationRegenerationAbbreviationsCas9CRISPR-associated protein 9CRISPRClustered regularly interspaced short palindromic repeatsDAPTN-[(3,5-Difluorophenyl) acetyl-L-alanyl-2-phenyl] glycine-1,1-dimethylethyl esterDNJ1-DeoxynojirimycinDpaDays post ablationGFPGreen fluorescent proteinIndelInsertion/deletionMgat5abeta1,6-N-acetylglucosaminyl-transferase VRFPRed fluorescent proteinSWSwainsonineWISHWhole-mount in situ hybridization"
5,<FreqDist with 122 samples and 226 outcomes>
6,"['AbstractBackgroundWe', 'are', 'using', 'genetics', 'identify', 'genes', 'specifically', 'involved', 'hearing', 'large', 'scale', 'genetic', 'screening', 'we', 'identified', 'gene', 'biosynthesis', 'whose', 'negatively', 'impacts', 'MethodsWe', 'combination', 'mutant', 'assay', 'phenotype', 'loss', 'Mgat5a', 'over', 'expression', 'mRNA', 'injections', 'demonstrate', 'how', 'changes', 'can', 'alter', 'ResultsWe', 'found', 'was', 'expressed', 'multiple', 'during', 'embryo', 'development', 'particularly', 'enriched', 'neural', 'including', 'brain', 'retina', 'neuromasts', 'An', 'insertional', 'CRISPR', '/', 'Cas9', 'generated', 'truncation', 'both', 'caused', 'an', 'enhancement', 'which', 'could', 'be', 'phenocopied', 'with', 'addition', 'enhanced', 'axon', 'caudal', 'fins', 'Further', 'showed', 'altered', 'responsiveness', 'TGF', 'beta', 'ConclusionsThe', 'findings', 'from', 'this', 'study', 'provide', 'experimental', 'evidence', 'for', 'involvement', 'tissue']"
7,
