,OUTPUT
0,Reprogramming somatic cells to cells with neuronal characteristics by defined medium both in vitro and in vivo
1,"Cell RegenerationVolume 4, Issue 1, 2015, 4:12"
2,SongweiHe1YipingGuo1†YixinZhang1†YuanLi1†ChengqianFeng1XiangLi1LilongLin1LinGuo1HaitaoWang1ChunhuaLiu1YiZheng1ChuanmingLuo2QiangLiu2FuhuiWang1HaoSun1LiningLiang1LingyuLi13HuanxingSu2…HuiZheng1
3,"AbstractBackgroundCurrently, direct conversion from somatic cells to neurons requires virus-mediated delivery of at least one transcriptional factor or a combination of several small-molecule compounds. Delivery of transcriptional factors may affect genome stability, while small-molecule compounds may require more evaluations when applied in vivo. Thus, a defined medium with only conventional growth factors or additives for cell culture is desirable for inducing neuronal trans-differentiation.ResultsHere, we report that a defined medium (5C) consisting of basic fibroblast growth factor (bFGF), N2 supplement, leukemia inhibitory factor, vitamin C (Vc), and β-mercaptoethanol (βMe) induces the direct conversion of somatic cells to cells with neuronal characteristics. Application of 5C medium converted mouse embryonic fibroblasts (MEFs) into TuJ+ neuronal-like cells, which were capable of survival after being transplanted into the mouse brain. The same 5C medium could convert primary rat astrocytes into neuronal-like cells with mature electrophysiology characteristics in vitro and facilitated the recovery of brain injury, possibly by inducing similar conversions, when infused into the mouse brain in vivo. Crucially, 5C medium could also induce neuronal characteristics in several human cell types.ConclusionsIn summary, this 5C medium not only provides a means to derive cells with neuronal characteristics without viral transfection in vitro but might also be useful to produce neurons in vivo for neurodegenerative disease treatment."
4,KeywordsNeuronsSomatic cellsAstrocytesTrans-differentiationDefined mediumAbbreviationsbFGFbasic fibroblast growth factorβMeβ-mercaptoethanolBM-hMSCsmesenchymal stem cells from human bone marrowEGFepidermal growth factorESCsembryonic stem cellsGluGlutaMaxHFFshuman foreskin fibroblastsiPSCsinduced pluripotent stem cellsLIFleukemia inhibitory factorMEFsmouse embryonic fibroblastsNEAAnon-essential amino acidsNCneuron cultureVcvitamin C
5,<FreqDist with 144 samples and 256 outcomes>
6,"['AbstractBackgroundCurrently', 'from', 'requires', 'virus', 'mediated', 'delivery', 'at', 'least', 'one', 'combination', 'Delivery', 'affect', 'genome', 'stability', 'while', 'require', 'more', 'evaluations', 'applied', 'Thus', 'conventional', 'additives', 'culture', 'is', 'desirable', 'trans', 'differentiation', 'ResultsHere', 'we', 'report', 'that', 'consisting', 'basic', 'fibroblast', 'bFGF', 'N2', 'supplement', 'leukemia', 'inhibitory', 'vitamin', 'C', 'Vc', 'ß', 'mercaptoethanol', 'ßMe', 'induces', 'Application', 'converted', 'embryonic', 'fibroblasts', 'MEFs', 'TuJ', '+', 'which', 'were', 'capable', 'survival', 'after', 'being', 'transplanted', 'The', 'same', 'convert', 'primary', 'rat', 'astrocytes', 'mature', 'electrophysiology', 'facilitated', 'recovery', 'injury', 'possibly', 'by', 'similar', 'conversions', 'infused', 'Crucially', 'induce', 'human', 'types', 'ConclusionsIn', 'summary', 'this', 'not', 'provides', 'means', 'derive', 'without', 'viral', 'transfection', 'but', 'might', 'be', 'useful', 'produce', 'neurodegenerative', 'disease', 'treatment']"
7,
