,OUTPUT
0,Pharmacological manipulation of transcription factor protein-protein interactions: opportunities and obstacles
1,"Cell RegenerationVolume 4, Issue 1, 2015, 4:2"
2,FrankFontaine1JeroenOverman1MathiasFrançois1
3,"AbstractMuch research on transcription factor biology and their genetic pathways has been undertaken over the last 30 years, especially in the field of developmental biology and cancer. Yet, very little is known about the molecular modalities of highly dynamic interactions between transcription factors, genomic DNA, and protein partners. Methodological breakthroughs such as RNA-seq (RNA-sequencing), ChIP-seq (chromatin immunoprecipitation sequencing), RIME (rapid immunoprecipitation mass spectrometry of endogenous proteins), and single-molecule imaging will dramatically accelerate the discovery rate of their molecular mode of action in the next few years.From a pharmacological viewpoint, conventional methods used to target transcription factor activity with molecules mimicking endogenous ligands fail to achieve high specificity and are limited by a lack of identification of new molecular targets. Protein-protein interactions are likely to represent one of the next major classes of therapeutic targets. Transcription factors, known to act mostly via protein-protein interaction, may well be at the forefront of this type of drug development. One hurdle in this field remains the difficulty to collate structural data into meaningful information for rational drug design. Another hurdle is the lack of chemical libraries meeting the structural requirements of protein-protein interaction disruption.As more attempts at modulating transcription factor activity are undertaken, valuable knowledge will be accumulated on the modality of action required to modulate transcription and how these findings can be applied to developing transcription factor drugs. Key discoveries will spawn into new therapeutic approaches not only as anticancer targets but also for other indications, such as those with an inflammatory component including neurodegenerative disorders, diabetes, and chronic liver and kidney diseases."
4,KeywordsTranscriptionScreeningProteomicsInteractomePharmacologySpecificityCancerGenomicsAbbreviationsPPIDProtein-protein interaction disruptorTFTranscription factorHMGHigh-mobility groupChIP-seqChromatin immunoprecipitation sequencingGPCRG protein-coupled receptorsRIMERapid immunoprecipitation mass spectrometry of endogenous proteinsNSAIDNonsteroidal anti-inflammatory drugAP-MSAffinity purification-mass spectrometryRNA-seqRNA-sequencing
5,<FreqDist with 179 samples and 303 outcomes>
6,"['AbstractMuch', 'research', 'genetic', 'pathways', 'has', 'been', 'over', 'last', '30', 'especially', 'developmental', 'cancer', 'Yet', 'very', 'little', 'about', 'modalities', 'highly', 'dynamic', 'between', 'genomic', 'DNA', 'partners', 'Methodological', 'breakthroughs', 'ChIP', 'chromatin', 'RIME', 'rapid', 'mass', 'spectrometry', 'proteins', 'single', 'molecule', 'imaging', 'dramatically', 'accelerate', 'discovery', 'rate', 'mode', 'few', 'From', 'pharmacological', 'viewpoint', 'conventional', 'methods', 'used', 'target', 'molecules', 'mimicking', 'ligands', 'fail', 'achieve', 'high', 'specificity', 'limited', 'by', 'identification', 'Protein', 'likely', 'represent', 'one', 'major', 'classes', 'Transcription', 'act', 'mostly', 'via', 'may', 'well', 'forefront', 'type', 'development', 'One', 'remains', 'difficulty', 'collate', 'data', 'meaningful', 'information', 'rational', 'design', 'Another', 'chemical', 'libraries', 'meeting', 'requirements', 'disruption', 'As', 'more', 'attempts', 'modulating', 'valuable', 'knowledge', 'accumulated', 'modality', 'required', 'modulate', 'how', 'these', 'findings', 'can', 'applied', 'developing', 'drugs', 'Key', 'discoveries', 'spawn', 'approaches', 'not', 'only', 'anticancer', 'but', 'also', 'other', 'indications', 'those', 'an', 'inflammatory', 'component', 'including', 'neurodegenerative', 'disorders', 'diabetes', 'chronic', 'liver', 'kidney', 'diseases']"
7,
