,OUTPUT
0,Retrograde monosynaptic tracing through an engineered human embryonic stem cell line reveals synaptic inputs from host neurons to grafted cells
1,"Cell RegenerationVolume 8, Issue 1, June 2019, Pages 1-8"
2,QiXingabcdAipingLinabcZhenghuiSuabcChunhuaLiuabcWenhaoHuangabcWenjingGuoabcGuangjinPanabceYipingGuoabceXiaofenZhongabce
3,"AbstractRetrograde monosynaptic tracing with EnvA-pseudotyped rabies virus has been employed to identify the afferent and efferent connectivity of transplanted human embryonic stem (hES) cell-derived neurons in animal models. Due to the protracted development of transplanted human neurons in host animals, it is important that those transplanted cells express avian leukosis and sarcoma virus subgroup A receptor (TVA) and rabies glycoprotein G (Rgp) for a period of up to several months to enable identification of the synaptic inputs from host neurons to grafted neurons through this rabies virus-based method. Here, we report the generation of an engineered hES cell line through CRISPR/Cas9-mediated targeting to the AAVS1 locus of an EnvA-pseudotyped rabies virus-based tool for retrograde monosynaptic tracing. This engineered hES cell line, named H1-CAG-GTRgp, expresses GFP, TVA and Rgp. Upon transplantation of H1-CAG-GTRgp-derived neural progenitor cells (NPCs) into the rat brain after traumatic injury, the grafted neurons derived from H1-CAG-GTRgp cells expressed GFP, TVA, and Rgp stably for up to 6 months post-transplantation and received robust synaptic inputs from host neurons in the target regions of the orthotopic neural circuitry. The retrograde monosynaptic tracing hES cell line provides an efficient approach to analyze transplant connectivity for the comprehensive assessment of host-donor cell innervation."
4,KeywordsNeural progenitorsAAVS1 locusEnvA-pseudotyped rabies virusRetrograde monosynaptic tracingTransplantation
5,<FreqDist with 102 samples and 179 outcomes>
6,"['AbstractIntroductionWe', 'have', 'conducted', 'cohort', 'autopsied', 'residents', 'reveal', 'recent', 'dementia', 'We', 'noticed', 'involvement', 'Alzheimer', ""'"", 's', 'disease', 'Then', 'we', 'investigated', 'accurate', 'prevalence', 'neurological', 'diseases', 'general', 'population', 'MethodsWe', 'examined', 'series', '291', 'autopsies', 'performed', 'image', 'analysis', 'immunohistochemistry', 'for', 'microtubule', 'protein', 'tau', 'ß', 'ResultsApproximately', '65', '6', '36', '1', 'showed', 'respectively', 'Diffuse', 'them', 'mainly', 'found', 'Putaminal', 'highly', 'criteria', 'Four', '22', 'severe', 'deposition', 'documented', 'as', 'having', 'developed', 'DiscussionSevere', 'accumulation', 'basal', 'ganglia', 'closely', 'development', 'could', 'occur', 'most', 'frequently', 'without', 'comorbidities']"
7,
