,OUTPUT
0,Tauopathy in basal ganglia involvement is exacerbated in a subset of patients with Alzheimer's disease: The Hisayama study
1,"Alzheimer's & Dementia: Diagnosis, Assessment & Disease MonitoringVolume 11, December 2019, Pages 415-423"
2,HideomiHamasakiaHiroyukiHondaaSatoshi O.SuzukiaMasahiroShijoaTomoyukiOharabcYozoHatabebcTsuyoshiOkamotodeToshiharuNinomiyacfToruIwakia
3,"AbstractIntroductionWe have conducted the pathological cohort study of autopsied cases of Hisayama residents to reveal a recent trend of dementia-related pathology. We noticed a trend of putaminal involvement of Alzheimer's disease (AD) with parkinsonism. Then, we investigated the accurate prevalence of neurological diseases with putaminal AD pathology in the general population.MethodsWe examined a series of 291 autopsies in the Hisayama study and performed image analysis of immunohistochemistry for microtubule-associated protein tau (MAPT) and amyloid β.ResultsApproximately 65.6% and 36.1% of cases showed putaminal MAPT and amyloid deposits, respectively. Diffuse deposits of them were mainly found in the AD cases. Putaminal MAPT was highly associated with AD-related pathological criteria. Four of 22 cases with severe putaminal MAPT deposition were documented as having developed parkinsonism.DiscussionSevere MAPT accumulation in the basal ganglia was closely related to the development of AD pathology and could occur most frequently in AD cases without comorbidities."
4,KeywordsMAPTTauBasal ganglionAlzheimer's diseaseParkinsonism
5,<FreqDist with 102 samples and 179 outcomes>
6,"['AbstractIntroductionWe', 'have', 'conducted', 'cohort', 'autopsied', 'residents', 'reveal', 'recent', 'dementia', 'We', 'noticed', 'involvement', 'Alzheimer', ""'"", 's', 'disease', 'Then', 'we', 'investigated', 'accurate', 'prevalence', 'neurological', 'diseases', 'general', 'population', 'MethodsWe', 'examined', 'series', '291', 'autopsies', 'performed', 'image', 'analysis', 'immunohistochemistry', 'for', 'microtubule', 'protein', 'tau', 'ß', 'ResultsApproximately', '65', '6', '36', '1', 'showed', 'respectively', 'Diffuse', 'them', 'mainly', 'found', 'Putaminal', 'highly', 'criteria', 'Four', '22', 'severe', 'deposition', 'documented', 'as', 'having', 'developed', 'DiscussionSevere', 'accumulation', 'basal', 'ganglia', 'closely', 'development', 'could', 'occur', 'most', 'frequently', 'without', 'comorbidities']"
7,
