,OUTPUT
0,Wi-Fi is an important threat to human health
1,"Environmental ResearchVolume 164, July 2018, Pages 405-416"
2,Martin L.Pall
3,"Highlightsâ€¢7 effects have each been repeatedly reported following Wi-Fi & other EMF exposures.â€¢Established Wi-Fi effects, include apoptosis, oxidat. stress &:â€¢testis/sperm dysfunct; Neuropsych; DNA impact; hormone change; Ca2+ rise.â€¢Wi-Fi is thought to act via voltage-gated calcium channel activation.â€¢One claim of no Wi-Fi effects was found to be deeply flawed."
4,KeywordsElectromagnetic field (EMF)Brain impactTestis/sperm count and qualityImpact of pulsation and polarizationActivation of voltage-gated calcium channelsWi-Fi or WiFi
5,<FreqDist with 58 samples and 86 outcomes>
6,"['Highlightsâ', '7', 'have', 'each', 'been', 'repeatedly', 'reported', 'following', '&', 'other', 'EMF', 'exposures', 'Established', 'include', 'apoptosis', 'oxidat', 'stress', '&:', 'testis', '/', 'sperm', 'dysfunct', 'Neuropsych', 'DNA', 'impact', 'hormone', 'change', 'Ca2', '+', 'rise', 'is', 'thought', 'act', 'via', 'voltage', 'gated', 'calcium', 'channel', 'activation', 'One', 'claim', 'of', 'no', 'was', 'found', 'be', 'deeply', 'flawed']"
7,
