,OUTPUT
0,Bioengineering of a human whole tooth: progress and challenge
1,"Cell RegenerationVolume 3, Issue 1, 2014, 3:8"
2,YandingZhang1YiPingChen12
3,"AbstractA major challenge in stem cell-based bioengineering of an implantable human tooth is to identify appropriate sources of postnatal stem cells that are odontogenic competent as the epithelial component due to the lack of enamel epithelial cells in adult teeth. In a recent issue (2013, 2:6) of Cell Regeneration, Cai and colleagues reported that epithelial sheets derived from human induced pluripotent stem cells (iPSCs) can functionally substitute for tooth germ epithelium to regenerate tooth-like structures, providing an appealing stem cell source for future human tooth regeneration."
4,KeywordsOct4Oct4BTotipotencyPluripotencyEmbryoDevelopmentAbbreviationsICMInner cell massESCsEmbryonic stem cellsTETrophectodermPGCsPrimordial germ cellsPit-Oct-UncPOUPOUSPOU-specificPOUHDHomeodomainN-domainN-terminal domainC-domainC-terminal domainBMPBone morphogenetic proteinLIFLeukemia inhibitory factorGVGerminal vesicleZGAZygotic genome activationMIIMetaphase IISNSurrounded nucleolusNSNNot surrounded nucleolusNTNuclear transferPCRPolymerase chain reactionRT-PCRReverse transcriptase PCRiPSCsInduced pluripotent stem cellsDEDistal enhancerPEProximal enhancerPPProximal promoterHREsHormone response elementsSF1Steroidogenic Factor-1RXR-BetaRetinoid X Receptor-BetaGCNFGerm Cell Nuclear FactorCOUF-TFI/IIChicken Ovalbumin Upstream promoter-Transcription Factors- I/IIBRGCBrg1-dependent chromatin remodeling complexEif4elooOocyte-specific eukaryotic translation initiation factor 4EAIDActivation-induced cytidine deaminasesiRNASmall interfering RNARNAiRNA interferenceCRsConserved regionsdpcDays post coitumdppdays post partum
5,<FreqDist with 72 samples and 101 outcomes>
6,"['AbstractA', 'major', 'challenge', 'based', 'bioengineering', 'implantable', 'is', 'identify', 'appropriate', 'sources', 'postnatal', 'are', 'odontogenic', 'competent', 'as', 'component', 'due', 'lack', 'enamel', 'adult', 'teeth', 'In', 'a', 'recent', 'issue', '2013', '2', ':', '6', 'Cell', 'Regeneration', 'Cai', 'and', 'colleagues', 'reported', 'sheets', 'derived', 'from', 'induced', 'pluripotent', 'iPSCs', 'can', 'functionally', 'substitute', 'germ', 'epithelium', 'regenerate', 'like', 'structures', 'providing', 'appealing', 'source', 'future', 'regeneration']"
7,
