,OUTPUT
0,Stem cell aging in adult progeria
1,"Cell RegenerationVolume 4, Issue 1, 2015, 4:6"
2,Hoi-HungCheung1DuanqingPei2Wai-YeeChan13
3,"AbstractAging is considered an irreversible biological process and also a major risk factor for a spectrum of geriatric diseases. Advanced age-related decline in physiological functions, such as neurodegeneration, development of cardiovascular disease, endocrine and metabolic dysfunction, and neoplastic transformation, has become the focus in aging research. Natural aging is not regarded as a programmed process. However, accelerated aging due to inherited genetic defects in patients of progeria is programmed and resembles many aspects of natural aging. Among several premature aging syndromes, Werner syndrome (WS) and Hutchinson–Gilford progeria syndrome (HGPS) are two broadly investigated diseases. In this review, we discuss how stem cell aging in WS helps us understand the biology of aging. We also discuss briefly how the altered epigenetic landscape in aged cells can be reversed to a “juvenile” state. Lastly, we explore the potential application of the latest genomic editing technique for stem cell-based therapy and regenerative medicine in the context of aging."
4,KeywordsWerner syndromeStem cellsAgingWRN
5,<FreqDist with 118 samples and 184 outcomes>
6,"['AbstractAging', 'considered', 'an', 'irreversible', 'biological', 'major', 'risk', 'factor', 'spectrum', 'geriatric', 'Advanced', 'age', 'related', 'decline', 'physiological', 'functions', 'such', 'neurodegeneration', 'development', 'cardiovascular', 'disease', 'endocrine', 'metabolic', 'dysfunction', 'neoplastic', 'transformation', 'has', 'become', 'focus', 'research', 'Natural', 'not', 'regarded', 'However', 'accelerated', 'due', 'inherited', 'genetic', 'defects', 'patients', 'resembles', 'many', 'aspects', 'natural', 'Among', 'several', 'premature', 'syndromes', 'Werner', 'Hutchinson', '\x96', 'Gilford', 'HGPS', 'are', 'two', 'broadly', 'investigated', 'In', 'this', 'review', 'helps', 'us', 'understand', 'biology', 'We', 'briefly', 'altered', 'epigenetic', 'landscape', 'aged', 'cells', 'can', 'be', 'reversed', '\x93', 'juvenile', '\x94', 'state', 'Lastly', 'explore', 'potential', 'application', 'latest', 'genomic', 'editing', 'technique', 'based', 'therapy', 'regenerative', 'medicine', 'context']"
7,
