,OUTPUT
0,The interplay between metabolic homeostasis and neurodegeneration: insights into the neurometabolic nature of amyotrophic lateral sclerosis
1,"Cell RegenerationVolume 4, Issue 1, 2015, 4:5"
2,S.T.Ngo1234F.J.Steyn24
3,"AbstractAmyotrophic lateral sclerosis (ALS) is a fatal, neurodegenerative disease that is characterized by the selective degeneration of upper motor neurons and lower spinal motor neurons, resulting in the progressive paralysis of all voluntary muscles. Approximately 10 % of ALS cases are linked to known genetic mutations, with the remaining 90 % of cases being sporadic. While the primary pathology in ALS is the selective death of upper and lower motor neurons, numerous studies indicate that an imbalance in whole body and/or cellular metabolism influences the rate of progression of disease. This review summarizes current research surrounding the impact of impaired metabolic physiology in ALS. We extend ideas to consider prospects that lie ahead in terms of how metabolic alterations may impact the selective degeneration of neurons in ALS and how targeting of adenosine triphosphate-sensitive potassium (KATP) channels may represent a promising approach for obtaining neuroprotection in ALS."
4,KeywordsAmyotrophic lateral sclerosisMetabolismNeurometabolismHyperexcitabilityIon channelsKATP channelsAbbreviationsALSamyotrophic lateral sclerosisATPadenosine triphosphateBMIbody mass indexCa2+calciumIGF-1insulin-like growth factor 1iPSCsinduced pluripotent stem cellsK+potassiumKirinwardly rectifying potassium channelsMCT2monocarboxylate transporter 2Na+sodiumNADHnicotinamide adenine dinucleotide (reduced)NMDAN-methyl-D-aspartic acidSOD1superoxide dismutase 1SURsulfonylureaTCAtricarboxylic acid
5,<FreqDist with 101 samples and 164 outcomes>
6,"['AbstractAmyotrophic', 'lateral', 'sclerosis', 'fatal', 'neurodegenerative', 'characterized', 'by', 'spinal', 'resulting', 'progressive', 'paralysis', 'all', 'voluntary', 'muscles', 'Approximately', '10', 'are', 'linked', 'known', 'genetic', 'mutations', 'with', 'remaining', '90', 'being', 'sporadic', 'While', 'primary', 'pathology', 'death', 'numerous', 'studies', 'indicate', 'an', 'imbalance', 'whole', 'body', '/', 'or', 'cellular', 'metabolism', 'influences', 'rate', 'progression', 'This', 'review', 'summarizes', 'current', 'research', 'surrounding', 'impaired', 'physiology', 'We', 'extend', 'ideas', 'consider', 'prospects', 'lie', 'ahead', 'terms', 'alterations', 'targeting', 'adenosine', 'triphosphate', '-', 'sensitive', 'potassium', 'KATP', 'channels', 'represent', 'promising', 'approach', 'for', 'obtaining', 'neuroprotection']"
7,
