,OUTPUT
0,Production of transgenic pigs over-expressing the antiviral gene Mx1
1,"Cell RegenerationVolume 3, Issue 1, 2014, 3:11"
2,QuanmeiYan1HuaqiangYang1DongshanYang1BentianZhao1ZhenOuyang1ZhaomingLiu1NanaFan1HongshengOuyang2WeiwangGu3LiangxueLai12
3,"AbstractThe myxovirus resistance gene (Mx1) has a broad spectrum of antiviral activities. It is therefore an interesting candidate gene to improve disease resistance in farm animals. In this study, we report the use of somatic cell nuclear transfer (SCNT) to produce transgenic pigs over-expressing the Mx1 gene. These transgenic pigs express approximately 15–25 times more Mx1 mRNA than non-transgenic pigs, and the protein level of Mx1 was also markedly enhanced. We challenged fibroblast cells isolated from the ear skin of transgenic and control pigs with influenza A virus and classical swine fever virus (CFSV). Indirect immunofluorescence assay (IFA) revealed a profound decrease of influenza A proliferation in Mx1 transgenic cells. Growth kinetics showed an approximately 10-fold reduction of viral copies in the transgenic cells compared to non-transgenic controls. Additionally, we found that the Mx1 transgenic cells were more resistant to CSFV infection in comparison to non-transgenic cells. These results demonstrate that the Mx1 transgene can protect against viral infection in cells of transgenic pigs and indicate that the Mx1 transgene can be harnessed to develop disease-resistant pigs."
4,KeywordsAntiviral breedingInnate resistanceSomatic cell nuclear transferAbbreviationsCFSVClassical swine fever virusEGFPEnhanced green fluorescence proteinIFAIndirect immunofluorescence assayIFNsInterferonsMOIMultiplicity of infectionMx1Myxovirus resistance genepfuPlaque-forming unitSCNTSomatic cell nuclear transfer
5,<FreqDist with 118 samples and 210 outcomes>
6,"['AbstractThe', 'myxovirus', 'has', 'broad', 'spectrum', 'antiviral', 'activities', 'It', 'is', 'therefore', 'interesting', 'candidate', 'improve', 'farm', 'animals', 'In', 'this', 'study', 'report', 'use', 'somatic', 'cell', 'nuclear', 'transfer', 'SCNT', 'produce', 'over', 'expressing', 'express', '15', '\x96', '25', 'times', 'mRNA', 'than', 'protein', 'level', 'was', 'also', 'markedly', 'enhanced', 'We', 'challenged', 'fibroblast', 'isolated', 'from', 'ear', 'skin', 'control', 'with', 'classical', 'swine', 'fever', 'CFSV', ').', 'Indirect', 'immunofluorescence', 'assay', 'IFA', 'revealed', 'profound', 'decrease', 'proliferation', 'Growth', 'kinetics', 'showed', '10', 'fold', 'reduction', 'copies', 'compared', 'controls', 'Additionally', 'found', 'were', 'CSFV', 'comparison', 'results', 'demonstrate', 'protect', 'against', 'indicate', 'be', 'harnessed', 'develop']"
7,
