,OUTPUT
0,Aberrant DNA methylation reprogramming during induced pluripotent stem cell generation is dependent on the choice of reprogramming factors
1,"Cell RegenerationVolume 3, Issue 1, 2014, 3:4"
2,Aline CPlanello12JunfengJi34VivekSharma35RajatSinghania1FaridahMbabaali3FabianMüller7Javier AAlfaro16ChristophBock789Daniel DDe Carvalho16†Nizar NBatada36†
3,"AbstractThe conversion of somatic cells into pluripotent stem cells via overexpression of reprogramming factors involves epigenetic remodeling. DNA methylation at a significant proportion of CpG sites in induced pluripotent stem cells (iPSCs) differs from that of embryonic stem cells (ESCs). Whether different sets of reprogramming factors influence the type and extent of aberrant DNA methylation in iPSCs differently remains unknown. In order to help resolve this critical question, we generated human iPSCs from a common fibroblast cell source using either the Yamanaka factors (OCT4, SOX2, KLF4 and cMYC) or the Thomson factors (OCT4, SOX2, NANOG and LIN28), and determined their genome-wide DNA methylation profiles. In addition to shared DNA methylation aberrations present in all our iPSCs, we identified Yamanaka-iPSC (Y-iPSC)-specific and Thomson-iPSC (T-iPSC)-specific recurrent aberrations. Strikingly, not only were the genomic locations of the aberrations different but also their types: reprogramming with Yamanaka factors mainly resulted in failure to demethylate CpGs, whereas reprogramming with Thomson factors mainly resulted in failure to methylate CpGs. Differences in the level of transcripts encoding DNMT3b and TET3 between Y-iPSCs and T-iPSCs may contribute partially to the distinct types of aberrations. Finally, de novo aberrantly methylated genes in Y-iPSCs were enriched for NANOG targets that are also aberrantly methylated in some cancers. Our study thus reveals that the choice of reprogramming factors influences the amount, location, and class of DNA methylation aberrations in iPSCs. These findings may provide clues into how to produce human iPSCs with fewer DNA methylation abnormalities."
4,KeywordsRabbitsAnimal modelsZinc-finger nucleasesTranscription activator-like effector nucleasesTALENsGenome editingKnockout
5,<FreqDist with 152 samples and 296 outcomes>
6,"['AbstractThe', 'conversion', 'somatic', 'via', 'overexpression', 'involves', 'epigenetic', 'remodeling', 'at', 'significant', 'proportion', 'CpG', 'sites', 'induced', 'differs', 'embryonic', 'ESCs', ').', 'Whether', 'sets', 'influence', 'type', 'extent', 'aberrant', 'differently', 'remains', 'unknown', 'order', 'help', 'resolve', 'this', 'critical', 'question', 'generated', 'common', 'fibroblast', 'cell', 'source', 'using', 'either', 'KLF4', 'cMYC', 'or', 'LIN28', '),', 'determined', 'genome', 'wide', 'profiles', 'addition', 'shared', 'present', 'all', 'our', 'identified', 'recurrent', 'Strikingly', 'not', 'only', 'genomic', 'locations', 'but', ':', 'demethylate', 'whereas', 'methylate', 'Differences', 'level', 'transcripts', 'encoding', 'DNMT3b', 'TET3', 'between', 'contribute', 'partially', 'distinct', 'Finally', 'de', 'novo', 'genes', 'enriched', 'for', 'targets', 'are', 'some', 'cancers', 'Our', 'study', 'thus', 'reveals', 'choice', 'influences', 'amount', 'location', 'class', 'These', 'findings', 'provide', 'clues', 'how', 'produce', 'fewer', 'abnormalities']"
7,
