,OUTPUT
0,Molecular switch model for cardiomyocyte proliferation
1,"Cell RegenerationVolume 8, Issue 1, June 2019, Pages 9-11"
2,SatwatHashmiH.R.Ahmad
3,"AbstractThis review deals with the human adult cardiomyocyte proliferation as a potential source for heart repair after injury. The mechanism to regain the proliferative capacity of adult cardiomyocytes is a challenge. However, recent studies are promising in showing that the ‘locked’ cell cycle of adult cardiomyocytes could be released through modulation of cell cycle checkpoints. In support of this are the signaling pathways of Notch, Hippo, Wnt, Akt and Jak/Stat that facilitate or inhibit the transition at cell cycle checkpoints. Cyclins and cyclin dependant kinases (CDKs) facilitate this transition which in turn is regulated by inhibitory action of pocket protein e.g. p21, p27 and p57. Transcription factors e.g. E2F, GATA4, TBx20 up regulate Cyclin A, A2, D, E, and CDK4 as promoters of cell cycle and Meis-1 and HIF-1 alpha down regulate cyclin D and E to inhibit the cell cycle. Paracrine factors like Neuregulin-1, IGF-1 and Oncostatin M and Extracellular Matrix proteins like Agrin have been involved in cardiomyocyte proliferation and dedifferentiation processes.A molecular switch model is proposed that transforms the post mitotic cell into an actively dividing cell. This model shows how the cell cycle is regulated through on- and off switch mechanisms through interaction of transcription factors and signaling pathways with proteins of the cell cycle checkpoints. Signals triggered by injury may activate the right combination of the various pathways that can ‘switch on’ the proliferation signals leading to myocardial regeneration."
4,KeywordsCell cycleHeart regenerationCardiomyocyte proliferationCyclins
5,<FreqDist with 107 samples and 186 outcomes>
6,"['AbstractAnimal', 'can', 'human', 'investigating', 'finding', 'way', 'treatment', 'There', 'is', 'no', 'doubt', 'provided', 'wealth', 'information', 'regarding', 'also', 'offered', 'widely', 'used', 'develop', 'therapeutic', 'strategies', 'Rodent', 'been', 'very', 'valuable', 'investigators', 'understand', 'mechanisms', 'underlying', 'misfolded', 'protein', '-', 'mediated', 'neuronal', 'dysfunction', 'behavioral', 'phenotypes', 'variety', 'including', 'Alzheimer', 'Parkinson', 'Huntington', '(', ').', 'However', 'most', 'genetically', 'modified', 'rodent', 'these', 'lack', 'overt', 'selective', 'neurodegeneration', 'seen', 'patient', 'brains', 'Since', 'more', 'similar', 'than', 'rodents', 'likely', 'neuropathological', 'features', 'Here', 'we', 'discuss', 'research', 'with', 'focus', 'on', 'aiming', 'provide', 'insight', 'into', 'study']"
7,
