,OUTPUT
0,The incidence of mild cognitive impairment: A systematic review and data synthesis
1,"Alzheimer's & Dementia: Diagnosis, Assessment & Disease MonitoringVolume 11, December 2019, Pages 248-256"
2,CaiGillisaFaribaMirzaeibMichelePotashmanbM. ArfanIkramcNancyMaserejianb
3,"AbstractIntroductionIncidence estimates of mild cognitive impairment (MCI) range widely. We obtained contemporary age-specific MCI incidence rates and examined sources of heterogeneity.MethodsWe conducted a systematic review of population-based studies from the Americas, Europe, and Australia using restrictive inclusion criteria to limit heterogeneity. Incidence was examined using 5-year age categories for MCI and amnestic/nonamnestic subtypes. Data were synthesized using quantitative and qualitative descriptive analyses and quantitative meta-analyses.ResultsMeta-analysis estimates (95% CI) of MCI incidence per 1000 person-years were 22.5 (5.1–51.4) for ages 75–79y, 40.9 (7.7–97.5) for ages 80–84y, and 60.1 (6.7–159.0) for ages 85+y. Despite restrictive inclusion criteria, considerable heterogeneity (measured by I2) remained. Meta-analysis findings and simple descriptive statistics were consistent and supported by qualitative review.DiscussionHeterogeneity in MCI incidence estimates persisted across age-specific estimates from population samples, likely reflecting differences in populations and methods. Incidence rate ranges are important to consider with summary point estimates."
4,KeywordsAlzheimer's diseaseDiagnosisIncidenceMeta-analysisMild cognitive impairmentSystematic literature review
5,<FreqDist with 122 samples and 223 outcomes>
6,"['AbstractIntroductionIncidence', 'mild', 'cognitive', 'impairment', 'range', 'widely', 'We', 'obtained', 'contemporary', 'rates', 'sources', 'MethodsWe', 'conducted', 'a', 'systematic', 'based', 'studies', 'the', 'Americas', 'Europe', 'Australia', 'limit', 'was', 'year', 'categories', 'amnestic', '/', 'nonamnestic', 'subtypes', 'Data', 'synthesized', 'meta', 'ResultsMeta', '95', '%', 'CI', 'per', '1000', 'person', 'years', '22', '51', '4', '75', '79y', '40', '9', '97', '80', '84y', '60', '6', '159', '0', '85', '+', 'y', 'Despite', 'considerable', 'measured', 'I2', 'remained', 'Meta', 'findings', 'simple', 'statistics', 'consistent', 'supported', 'DiscussionHeterogeneity', 'persisted', 'across', 'samples', 'likely', 'reflecting', 'differences', 'populations', 'methods', 'rate', 'ranges', 'are', 'important', 'consider', 'with', 'summary', 'point']"
7,
