,OUTPUT
0,Illumination of neural development by in vivo clonal analysis
1,"Cell RegenerationVolume 7, Issue 2, December 2018, Pages 33-39"
2,MingruiXuabdJingjingWangadXizeGuoabdTingtingLiabdXiaKuangaQing-FengWuabc
3,"AbstractSingle embryonic and adult neural stem cells (NSCs) are characterized by their self-renewal and differentiation potential. Lineage tracing via clonal analysis allows for specific labeling of a single NSC and tracking of its progeny throughout development. Over the past five decades, a plethora of clonal analysis methods have been developed in tandem with integration of chemical, genetic, imaging and sequencing techniques. Applications of these approaches have gained diverse insights into the heterogeneous behavior of NSCs, lineage relationships between cells, molecular regulation of fate specification and ontogeny of complex neural tissues. In this review, we summarize the history and methods of clonal analysis as well as highlight key findings revealed by single-cell lineage tracking of stem cells in developing and adult brains across different animal models."
4,KeywordsIn vivo clonal analysisLineage tracingNeural stem cellsNeural developmentNuclear brain structure
5,<FreqDist with 141 samples and 251 outcomes>
6,"['AbstractClass', 'histone', 'deacetylases', 'are', 'subfamily', 'with', 'important', 'functions', 'development', 'adult', 'tissue', 'homeostasis', 'As', 'opposed', 'other', 'they', 'lack', 'catalytic', 'bind', 'recruit', 'transcriptional', 'regulators', 'such', 'repressor', ')/', 'silencing', 'mediator', 'retinoid', 'thyroid', 'hormone', ').', 'Class', 'enhance', 'mouse', 'somatic', 'cell', 'induced', 'pluripotent', 'stem', 'repressing', 'pro', 'mesenchymal', 'myocyte', 'enhancer', '2', 'MEF2', '),', 'which', 'upregulated', 'during', 'Here', 'we', 'describe', 'using', 'examples', 'exhibit', 'trafficking', 'being', 'donor', 'fibroblasts', 'intermediate', 'translocating', 'Importantly', 'over', 'expressing', 'mutant', 'form', 'or', 'becomes', 'trapped', 'enhances', 'early', 'phase', 'deleterious', 'afterwards', 'The', 'latter', 'effect', 'mediated', 'through', 'binding', 'at', 'loci', 'subsequent', '/', 'Thus', 'our', 'findings', 'uncover', 'context', 'dependent', 'further', 'reinforce', 'idea', 'major', 'obstacle', 'for', 'reactivating', 'network']"
7,
