,OUTPUT
0,Approaches for generation of anti-leukemia specific T cells
1,"Cell RegenerationVolume 7, Issue 2, December 2018, Pages 40-44"
2,ZhenyiJinabLingXuacYangqiuLiac
3,"AbstractAs three decades ago, it was reported that adoptive T cell immunotherapy by infusion of autologous tumor infiltrating lymphocytes (TILs) mediated objective cancer regression in patients with metastatic melanoma. A new era of T cell immunotherapy arose since the improvement and clinical use of anti-CD19 chimeric antigen receptor T cells (CAR-T) for the treatment of refractory and relapsed B lymphocyte leukemia. However, several challenges and difficulties remain on the way to reach generic and effective T cell immunotherapy, including lacking a generic method for generating anti-leukemia-specific T cells from every patient. Here, we summarize the current methods of generating anti-leukemia-specific T cells, and the promising approaches in the future."
4,KeywordsAnti-leukemia T cellT cell immunotherapyTCR-TCAR-TT cell reprogrammingAbbreviationsTILinfiltrating lymphocytesCAR-Tchimeric antigen receptor T cellsCRcomplete remissionCMLchronic myelogenous leukemiaTKItyrosine kinase inhibitorAPLpromyelocytic leukemiaallo-HSCTallogeneic hematopoietic stem cell transplantationGVLgraft-versus-leukemiaACTadoptive cellular immunotherapyCTLscytotoxic T cellsDLIdonor lymphocyte infusionHLAhuman leukocyte antigenIL-2interleukin-2WT1Wilm's tumor antigen 1FLT3-ITDFLT3 internal tandem duplicationGVHDgraft-versus-host diseaseTCR-TTCR gene-modified T cellTAAtumor-associated antigenscFvsingle-chain variable fragmentIgimmunoglobulinB-ALLcell acute lymphoblastic leukemiaHPCshematopoietic progenitor cellshESChuman embryonic stem celliPSCsinduced pluripotent stem cellsiTsinduced functional T cells
5,<FreqDist with 86 samples and 134 outcomes>
6,"['AbstractAs', 'three', 'decades', 'ago', 'it', 'was', 'reported', 'that', 'adoptive', 'by', 'infusion', 'autologous', 'tumor', 'infiltrating', 'lymphocytes', 'TILs', 'mediated', 'objective', 'cancer', 'regression', 'patients', 'with', 'metastatic', 'melanoma', 'A', 'new', 'era', 'arose', 'since', 'improvement', 'clinical', 'use', 'CD19', 'chimeric', 'antigen', 'receptor', 'CAR', 'treatment', 'refractory', 'relapsed', 'B', 'lymphocyte', 'However', 'several', 'challenges', 'difficulties', 'remain', 'on', 'way', 'to', 'reach', 'effective', 'including', 'lacking', 'a', 'method', 'from', 'every', 'patient', 'Here', 'we', 'summarize', 'current', 'methods', 'promising', 'approaches', 'future']"
7,
