,OUTPUT
0,Generation of knockout rabbits using transcription activator-like effector nucleases
1,"Cell RegenerationVolume 3, Issue 1, 2014, 3:3"
2,YuWang1†NanaFan1†JunSong1JuanZhong1XiaogangGuo1WeihuaTian1QuanjunZhang1FenggongCui1LiLi1Philip NNewsome23JonFrampton4Miguel AEsteban1LiangxueLai1
3,"AbstractZinc-finger nucleases and transcription activator-like effector nucleases are novel gene-editing platforms contributing to redefine the boundaries of modern biological research. They are composed of a non-specific cleavage domain and a tailor made DNA-binding module, which enables a broad range of genetic modifications by inducing efficient DNA double-strand breaks at desired loci. Among other remarkable uses, these nucleases have been employed to produce gene knockouts in mid-size and large animals, such as rabbits and pigs, respectively. This approach is cost effective, relatively quick, and can produce invaluable models for human disease studies, biotechnology or agricultural purposes. Here we describe a protocol for the efficient generation of knockout rabbits using transcription activator-like effector nucleases, and a perspective of the field."
4,KeywordsRabbitsAnimal modelsZinc-finger nucleasesTranscription activator-like effector nucleasesTALENsGenome editingKnockout
5,<FreqDist with 99 samples and 147 outcomes>
6,"['AbstractZinc', 'finger', 'novel', 'editing', 'platforms', 'contributing', 'redefine', 'boundaries', 'modern', 'biological', 'research', 'They', 'composed', 'non', 'specific', 'cleavage', 'domain', 'tailor', 'made', 'binding', 'module', 'which', 'enables', 'broad', 'range', 'genetic', 'modifications', 'by', 'inducing', 'double', 'strand', 'breaks', 'at', 'desired', 'loci', 'Among', 'other', 'remarkable', 'uses', 'these', 'have', 'been', 'employed', 'knockouts', 'in', 'mid', 'size', 'large', 'animals', 'such', 'as', 'pigs', 'respectively', 'This', 'approach', 'is', 'cost', 'effective', 'relatively', 'quick', 'can', 'invaluable', 'models', 'human', 'disease', 'studies', 'biotechnology', 'or', 'agricultural', 'purposes', 'Here', 'we', 'describe', 'protocol', 'generation', 'knockout', 'using', 'perspective', 'field']"
7,
