,OUTPUT
0,ETV2 expression increases the efficiency of primitive endothelial cell derivation from human embryonic stem cells
1,"Cell RegenerationVolume 4, Issue 1, 2015, 4:1"
2,Anne GLindgren1Matthew BVeldman1ShuoLin1
3,AbstractBackgroundEndothelial cells line the luminal surface of blood vessels and form a barrier between the blood and other tissues of the body. Ets variant 2 (ETV2) is transiently expressed in both zebrafish and mice and is necessary and sufficient for vascular endothelial cell specification. Overexpression of this gene in early zebrafish and mouse embryos results in ectopic appearance of endothelial cells. Ectopic expression of ETV2 in later development results in only a subset of cells responding to the signal.FindingsWe have examined the expression pattern of ETV2 in differentiating human embryonic stem cells (ESCs) to determine when the peak of ETV2 expression occurs. We show that overexpression of ETV2 in differentiating human ESC is able to increase the number of endothelial cells generated when administered during or after the endogenous peak of gene expression.ConclusionsAddition of exogenous ETV2 to human ESCs significantly increased the number of cells expressing angioblast genes without arterial or venous specification. This may be a viable solution to generate in vitro endothelial cells for use in research and in the clinic.
4,KeywordsHuman embryonic stem cellsEndotheliumETV2DifferentiationAbbreviationshESCHuman embryonic stem cellsmESCMouse embryonic stem cellsEBEmbryoid bodyMOIMultiplicity of infection
5,<FreqDist with 103 samples and 187 outcomes>
6,"['AbstractBackgroundEndothelial', 'line', 'luminal', 'surface', 'vessels', 'form', 'barrier', 'between', 'other', 'tissues', 'body', 'Ets', 'variant', '2', 'transiently', 'expressed', 'both', 'mice', 'necessary', 'sufficient', 'vascular', 'cell', 'Overexpression', 'this', 'early', 'mouse', 'embryos', 'ectopic', 'appearance', 'Ectopic', 'later', 'development', 'only', 'subset', 'responding', 'signal', 'FindingsWe', 'have', 'examined', 'pattern', 'embryonic', 'stem', 'determine', 'occurs', 'We', 'show', 'that', 'overexpression', 'ESC', 'able', 'increase', 'generated', 'administered', 'during', 'after', 'endogenous', 'ConclusionsAddition', 'exogenous', 'significantly', 'increased', 'expressing', 'angioblast', 'genes', 'without', 'arterial', 'venous', 'This', 'may', 'be', 'viable', 'solution', 'generate', 'vitro', 'use', 'research', 'clinic']"
7,
