,OUTPUT
0,Grip Strength and Impact on Cognitive Function in Healthy Kitchen Workers
1,"Achievements in the Life SciencesVolume 10, Issue 2, December 2016, Pages 168-174"
2,Arbind KumarChoudharyaRekhaJiwanebTanwirAlamaSadawarte SahebraoKishanraoa
3,"AbstractBackgroundHand grip strength is often considered may predict cognitive functioning and has been established as associates of cognitive performance with individual differences in some particular cross-sectional studies. However, little is known about hand grip strength and cognitive performance in the elderly individuals, and it is not known whether changes in hand grip strength may be associated with preservation/decline in cognitive functioning.ObjectivesWe have studied the impact of hand grip strength on cognition function in healthy kitchen workers.MethodsParticipants (n = 90, age range: 25–40 years) randomly assigned in to two groups according to their nature of work: Group I-Control group (n = 47) - workers recruited for simple work such as dusting, cleaning dining tables and floor. Group II-Study group (n = 43) - workers recruited for firm work such as cooking large quantity of food, kneading dough, rolling chapattis, cut and sauté the vegetables and dish washing. For the analyses, we used at dominant and non- dominant hand; hand grip strength (HGS), reaction time task, sensory disability test (SDT) and cognitive function test (CFT) among both the groups.ResultWe observed that visual reaction time (VRT) and auditory reaction time (ART) were significantly improved in dominant hand of study group, when compare to control group; however it was comparable in non-dominant hand among both the groups. In addition to; among all control and study group female workers there was significant positive correlation between VRT & ART and significant negative correlation between at dominant hand HGS & VRT as well as between at dominant hand HGS & ART. We also observed that dominant hand HGS was a significant predictor of VRT and ART and however there was no any significant variation in body mass index (BMI), sensory disability test (SDT) and cognitive function test (CFT) among both groups.ConclusionWe found that muscle strength (as measured by hand grip strength) was associated with improved reaction time. Hence by using a simple muscle strength test; is one way of obtaining useful information for the development of nerve-muscle coordination. Increased handgrip strength would be associated with preservation of cognitive function."
4,KeywordsCognitionGrip strengthReaction timeSensory test
5,<FreqDist with 191 samples and 416 outcomes>
6,"['ï', '»¿', 'AbstractBackgroundHand', 'often', 'considered', 'predict', 'has', 'been', 'established', 'associates', 'individual', 'differences', 'some', 'particular', 'cross', 'sectional', 'studies', 'However', 'little', 'about', 'elderly', 'individuals', 'not', 'whether', 'changes', '/', 'decline', 'ObjectivesWe', 'have', 'studied', 'impact', 'on', 'cognition', 'healthy', 'kitchen', 'MethodsParticipants', '90', 'age', 'range', '25â', '\x80\x93', '40', 'years', 'randomly', 'assigned', 'two', 'according', 'their', 'nature', 'I', 'Control', '47', 'dusting', 'cleaning', 'dining', 'tables', 'floor', 'II', 'Study', '43', 'firm', 'cooking', 'large', 'quantity', 'food', 'kneading', 'dough', 'rolling', 'chapattis', 'cut', 'sautÃ', '©', 'vegetables', 'dish', 'washing', 'For', 'analyses', 'we', 'used', 'task', 'ResultWe', 'visual', 'auditory', 'were', 'significantly', 'when', 'compare', 'comparable', 'In', 'addition', 'all', 'female', 'positive', 'negative', 'well', 'We', 'also', 'predictor', 'no', 'any', 'variation', 'body', 'mass', 'index', 'BMI', 'ConclusionWe', 'found', 'measured', 'Hence', 'using', 'one', 'way', 'obtaining', 'useful', 'information', 'development', 'nerve', 'coordination', 'Increased', 'handgrip', 'would']"
7,
