,OUTPUT
0,Worldwide decline of the entomofauna: A review of its drivers
1,"Biological ConservationVolume 232, April 2019, Pages 8-27"
2,FranciscoSánchez-BayoaKris A.G.Wyckhuysbcd
3,"Highlights•Over 40% of insect species are threatened with extinction.•Lepidoptera, Hymenoptera and dung beetles (Coleoptera) are the taxa most affected.•Four aquatic taxa are imperiled and have already lost a large proportion of species.•Habitat loss by conversion to intensive agriculture is the main driver of the declines.•Agro-chemical pollutants, invasive species and climate change are additional causes."
4,KeywordsExtinctionPollinatorsAquatic insectsAgriculturePesticidesEcosystem servicesGlobal change ecology
5,<FreqDist with 58 samples and 82 outcomes>
6,"['ï', '»¿', 'Highlightsâ', 'Over', '40', '%', 'insect', 'threatened', 'with', 'extinction', 'Lepidoptera', 'Hymenoptera', 'dung', 'beetles', '(', 'Coleoptera', ')', 'most', 'affected', 'Four', 'aquatic', 'imperiled', 'have', 'already', 'lost', 'a', 'large', 'proportion', 'Habitat', 'loss', 'by', 'conversion', 'to', 'intensive', 'agriculture', 'is', 'main', 'driver', 'declines', 'Agro', '-', 'chemical', 'pollutants', 'invasive', 'climate', 'change', 'additional', 'causes']"
7,
