,OUTPUT
0,Hematopoiesis and microenvironment in hematological malignancies
1,"Cell RegenerationVolume 7, Issue 1, September 2018, Pages 22-26"
2,HuiChengabcdeGuohuanSunabeTaoChengabcd
3,"AbstractAdult hematopoietic stem cells (HSCs) and progenitors (HPCs) reside in the bone marrow, a highly orchestrated architecture. In the bone marrow, the process of how HSCs exert self-renewal and differentiation is tightly regulated by the surrounding microenvironment, or niche. Recent advances in imaging technologies and numerous knockout or knockin mouse models have greatly improved our understanding of the organization of the bone marrow niche. This niche compartment includes a complex network of mesenchymal stem cells (MSC), osteolineage cells, endothelial cells (arterioles and sinusoids), sympathetic nerves, nonmyelinating Schwann cells and megakaryocytes. In addition, different types of mediators, such as cytokines/chemokines, reactive oxygen species (ROS) and exosomes play a pivotal role in regulating the function of hematopoietic cells. Therefore, the niche components and the hematopoietic system make up an ecological environment that maintains the homeostasis and responds to stress, damage or disease conditions. On the other hand, the niche compartment can become a traitor that can do harm to normal hematopoietic cells under pathological conditions. Studies on the diseased bone marrow niche have only recently begun to appear in the extant literature. In this short review, we discuss the most recent advances regarding the behaviors of normal hematopoietic cells and their niche alterations in hematological malignancies."
4,KeywordsHematopoietic stem cellsHematopoietic progenitor cellsMicroenvironmentNicheLeukemiaHematological malignancies
5,<FreqDist with 139 samples and 239 outcomes>
6,"['AbstractAdult', 'progenitors', 'HPCs', 'reside', 'highly', 'orchestrated', 'architecture', 'process', 'how', 'exert', 'self', '-', 'renewal', 'differentiation', 'is', 'tightly', 'regulated', 'by', 'surrounding', 'microenvironment', 'Recent', 'imaging', 'technologies', 'numerous', 'knockout', 'knockin', 'mouse', 'models', 'greatly', 'improved', 'our', 'understanding', 'organization', 'This', 'includes', 'complex', 'network', 'mesenchymal', 'MSC', 'osteolineage', 'endothelial', 'arterioles', 'sinusoids', 'sympathetic', 'nerves', 'nonmyelinating', 'Schwann', 'megakaryocytes', 'addition', 'different', 'types', 'mediators', 'such', 'as', 'cytokines', '/', 'chemokines', 'reactive', 'oxygen', 'species', 'ROS', 'exosomes', 'play', 'pivotal', 'role', 'regulating', 'function', 'Therefore', 'components', 'system', 'make', 'up', 'an', 'ecological', 'environment', 'maintains', 'homeostasis', 'responds', 'stress', 'damage', 'disease', 'On', 'other', 'hand', 'become', 'traitor', 'do', 'harm', 'under', 'pathological', 'Studies', 'on', 'diseased', 'only', 'recently', 'begun', 'appear', 'extant', 'literature', 'this', 'short', 'review', 'we', 'discuss', 'most', 'recent', 'regarding', 'behaviors', 'their', 'alterations', 'hematological', 'malignancies']"
7,
