,OUTPUT
0,Generation of multi-gene knockout rabbits using the Cas9/gRNA system
1,"Cell RegenerationVolume 3, Issue 1, 2014, 3:12"
2,QuanmeiYan1†QuanjunZhang1†HuaqiangYang1QingjianZou1ChengchengTang2NanaFan1LiangxueLai12
3,"AbstractThe prokaryotic clustered regularly interspaced short palindromic repeat (CRISPR)-associated system (Cas) is a simple, robust and efficient technique for gene targeting in model organisms such as zebrafish, mice and rats. In this report, we applied CRISPR technology to rabbits by microinjection of Cas9 mRNA and guided RNA (gRNA) into the cytoplasm of pronuclear-stage embryos. We achieved biallelic gene knockout (KO) rabbits by injection of 1 gene (IL2rg) or 2 gene (IL2rg and RAG1) Cas9 mRNA and gRNA with an efficiency of 100%. We also tested the efficiency of multiple gene KOs in early rabbit embryos and found that the efficiency of simultaneous gene mutation on target sites is as high as 100% for 3 genes (IL2rg, RAG1 and RAG2) and 33.3% for 5 genes (IL2rg, RAG1, RAG2, TIKI1 and ALB). Our results demonstrate that the Cas9/gRNA system is a highly efficient and fast tool not only for single-gene editing but also for multi-gene editing in rabbits."
4,KeywordsCas9/gRNA systemRabbitsMultiple-gene knockout
5,<FreqDist with 110 samples and 196 outcomes>
6,"['AbstractThe', 'prokaryotic', 'clustered', 'regularly', 'interspaced', 'short', 'palindromic', 'repeat', ')-', 'associated', 'Cas', 'simple', 'robust', 'technique', 'targeting', 'model', 'organisms', 'such', 'zebrafish', 'mice', 'rats', 'In', 'this', 'report', 'we', 'applied', 'technology', 'to', 'microinjection', 'guided', 'RNA', 'into', 'cytoplasm', 'pronuclear', 'stage', 'achieved', 'biallelic', 'knockout', 'KO', 'injection', '1', 'or', '2', 'with', 'an', '%.', 'tested', 'multiple', 'KOs', 'early', 'rabbit', 'found', 'simultaneous', 'mutation', 'on', 'target', 'sites', 'high', '33', '5', 'TIKI1', 'ALB', ').', 'Our', 'results', 'demonstrate', '/', 'highly', 'fast', 'tool', 'not', 'only', 'single', 'but', 'multi']"
7,
