,OUTPUT
0,A protocol for generating induced T cells by reprogramming B cells in vivo
1,"Cell RegenerationVolume 7, Issue 1, September 2018, Pages 7-15"
2,QitongWengabcdeFangxiaoHuabceMengyunZhangabcdeYongDongabcdeCuiLvabceYingWangabcdeXiaofeiLiuabcdeJinyongWangabcde
3,"AbstractObtaining T cells by reprogramming is one of the major goals in regenerative medicine. Here, we describe a protocol for generating functional T cells from Hoxb5-expressing pro/pre-B cells in vivo. This protocol includes the construction of Hoxb5 recombinant plasmids, retroviral packaging, isolation and viral transduction of pro/pre-B cells, cell transplantation, and phenotypic analysis of induced T cells. The procedure is reproducible and straightforward, providing an approach for generating induced T cells for translational research."
4,"KeywordsCellular reprogrammingTransdifferentiationMyocardial infarctionHeart regenerationAbbreviationsiCMsinduced cardiomyocytesiCPCsinduced cardiac progenitor cellsiCSsinduced cardiospheresTFtranscription factoriPSCinduced pluripotent stem cellGMTGata4, Mef2c, and Tbx5CASDcell-activation and signaling-directedECsendothelial cellsSMCssmooth muscle cellsp38 MAPKp38 mitogen-activated protein kinase pathwayPI3K/AKTphosphoinositol 3-kinase pathwayFGFfibroblast growth factorVEGFvascular endothelial growth factor"
5,<FreqDist with 58 samples and 94 outcomes>
6,"['AbstractObtaining', 'by', 'reprogramming', 'one', 'major', 'goals', 'regenerative', 'medicine', 'Here', 'we', 'describe', 'a', 'functional', 'from', 'expressing', 'vivo', 'This', 'includes', 'construction', 'recombinant', 'plasmids', 'retroviral', 'packaging', 'isolation', 'viral', 'transduction', 'cell', 'transplantation', 'phenotypic', 'analysis', 'The', 'procedure', 'reproducible', 'straightforward', 'providing', 'an', 'approach', 'translational', 'research']"
7,
