,OUTPUT
0,"Subjective cognitive decline, APOE ε4, and incident mild cognitive impairment in men and women"
1,"Alzheimer's & Dementia: Diagnosis, Assessment & Disease MonitoringVolume 11, December 2019, Pages 221-230"
2,DianaMüller-GerardsaChristianWeimaraJessicaAbramowskiaSarahTebrüggeaMarthaJokischaNicoDraganobRaimundErbelcKarl-HeinzJöckelcSusanneMoebuscAngelaWinkleraHeinz Nixdorf Recall Study Investigative Group
3,"AbstractIntroductionPossible joint effects of subjective cognitive decline (SCD) and apolipoprotein E (APOE) ε4 genotype on incident mild cognitive impairment (MCI) were examined for men and women separately.MethodsCognitively normal participants with and without SCD were included from the first follow-up examination of the population-based Heinz Nixdorf Recall study. Sex-stratified logistic regression models estimated main effects and interactions (additive, multiplicative) of SCD at the first follow-up (yes+/no−) and APOE ε4 (positive+/negative−) groups for MCI 5 years later.ResultsOdds for MCI 5 years later were higher in SCD/APOE ε4 group +/+ than the sum of groups +/− and −/+ in women, with a trend for positive interaction. Odds for incident MCI in men was highest in group +/−, with no interaction effect.DiscussionOur findings indicate that APOE ε4 may play an important role in the association of SCD and incident MCI, especially considering sex. Further studies need to examine these associations with larger sample sizes."
4,KeywordsAPOEmild cognitive impairmentPopulation-basedsexsubjective cognitive decline
5,<FreqDist with 110 samples and 189 outcomes>
6,"['AbstractIntroductionPossible', 'joint', 'subjective', 'decline', 'apolipoprotein', 'E', 'genotype', 'on', 'mild', 'impairment', 'examined', 'separately', 'MethodsCognitively', 'normal', 'participants', 'without', 'included', 'from', 'examination', 'population', 'based', 'Heinz', 'Nixdorf', 'Recall', 'study', 'Sex', 'stratified', 'logistic', 'regression', 'models', 'estimated', 'main', 'interactions', 'additive', 'multiplicative', 'at', 'yes', 'negative', 'ResultsOdds', 'higher', '/', '+/+', 'than', 'sum', '+/-', '-/+', 'a', 'trend', 'Odds', 'was', 'highest', '+/-,', 'effect', 'DiscussionOur', 'findings', 'indicate', 'that', 'may', 'play', 'an', 'important', 'role', 'association', 'especially', 'considering', 'sex', 'Further', 'studies', 'need', 'to', 'examine', 'these', 'associations', 'larger', 'sample', 'sizes']"
7,
