,OUTPUT
0,Exploring the utility of organo-polyoxometalate hybrids to inhibit SOX transcription factors
1,"Cell RegenerationVolume 3, Issue 1, 2014, 3:10"
2,KameshNarasimhan12KevinMicoine3EmmanuelLacôte3SergeThorimbert3EdwinCheung25BernoldHasenknopf34RalfJauch26
3,"AbstractBackgroundSOX transcription factors constitute an attractive target class for intervention with small molecules as they play a prominent role in the field of regenerative biomedicine and cancer biology. However, rationally engineering specific inhibitors that interfere with transcription factor DNA interfaces continues to be a monumental challenge in the field of transcription factor chemical biology. Polyoxometalates (POMs) are inorganic compounds that were previously shown to target the high-mobility group (HMG) of SOX proteins at nanomolar concentrations. In continuation of this work, we carried out an assessment of the selectivity of a panel of newly synthesized organo-polyoxometalate hybrids in targeting different transcription factor families to enable the usage of polyoxometalates as specific SOX transcription factor drugs.ResultsThe residual DNA-binding activities of 15 different transcription factors were measured after treatment with a panel of diverse polyoxometalates. Polyoxometalates belonging to the Dawson structural class were found to be more potent inhibitors than the Keggin class. Further, organically modified Dawson polyoxometalates were found to be the most potent in inhibiting transcription factor DNA binding activity. The size of the polyoxometalates and its derivitization were found to be the key determinants of their potency.ConclusionPolyoxometalates are highly potent, nanomolar range inhibitors of the DNA binding activity of the Sox-HMG family. However, binding assays involving a limited subset of structurally diverse polyoxometalates revealed a low selectivity profile against different transcription factor families. Further progress in achieving selectivity and deciphering structure-activity relationship of POMs require the identification of POM binding sites on transcription factors using elaborate approaches like X-ray crystallography and multidimensional NMR. In summary, our report reaffirms that transcription factors are challenging molecular architectures and that future polyoxometalate chemistry must consider further modification strategies, to address the substantial challenges involved in achieving target selectivity."
4,AbbreviationsPOMsPolyoxometalatesTFsTranscription factorsDBDDNA binding domainEMSAElectrophoretic Mobility Shift assay
5,<FreqDist with 170 samples and 322 outcomes>
6,"['AbstractBackgroundSOX', 'constitute', 'attractive', 'for', 'intervention', 'small', 'molecules', 'they', 'play', 'prominent', 'role', 'regenerative', 'biomedicine', 'cancer', 'rationally', 'engineering', 'interfere', 'interfaces', 'continues', 'monumental', 'challenge', 'chemical', 'inorganic', 'compounds', 'previously', 'shown', 'high', 'mobility', 'group', 'proteins', 'at', 'concentrations', 'continuation', 'this', 'work', 'we', 'carried', 'out', 'assessment', 'newly', 'synthesized', 'organo', 'hybrids', 'targeting', 'enable', 'usage', 'drugs', 'ResultsThe', 'residual', 'activities', '15', 'measured', 'after', 'treatment', 'belonging', 'structural', 'more', 'than', 'Keggin', 'organically', 'modified', 'most', 'inhibiting', 'The', 'size', 'its', 'derivitization', 'key', 'determinants', 'their', 'potency', 'ConclusionPolyoxometalates', 'highly', 'range', 'Sox', 'family', 'assays', 'involving', 'limited', 'subset', 'structurally', 'revealed', 'low', 'profile', 'against', 'progress', 'deciphering', 'structure', 'relationship', 'require', 'identification', 'POM', 'sites', 'on', 'using', 'elaborate', 'approaches', 'like', 'X', 'ray', 'crystallography', 'multidimensional', 'NMR', 'summary', 'our', 'report', 'reaffirms', 'challenging', 'molecular', 'architectures', 'future', 'chemistry', 'must', 'consider', 'further', 'modification', 'strategies', 'address', 'substantial', 'challenges', 'involved']"
7,
