,OUTPUT
0,"Arsenic and Cadmium Contamination in Water, Sediments and Fish is a Consequence of Paddy Cultivation: Evidence of River Pollution in Sri Lanka"
1,"Achievements in the Life SciencesVolume 10, Issue 2, December 2016, Pages 144-160"
2,PA Chintaka T.PereraaThenmoli V.SundarabarathybThavananthanSivananthawerlcSuranga P.KodithuwakkudUdeniEdirisinghea
3,"AbstractThe upper Malwathu Oya is a seasonal river. The main livelihood of people living in the immediate vicinity of the river is paddy cultivation, and chronic kidney disease is reported among them. Farmers utilize different types of agricultural chemicals in their fields expecting bumper harvests. Several agricultural chemicals have been reported to contain toxic trace elements in Sri Lanka. Therefore, arsenic and cadmium might end up in the river water. The presence of these trace elements in the river water and sediments can result in their bioaccumulation in fish tissues. The main purpose of this study was to investigate the presence of two trace elements in water and sediments, as well as in fish tissues (gills, kidney, liver and muscle) of three food fish species, Etroplus suratensis, Anabas testudineus and Channa striata during cultivating and non-cultivating seasons of the year. Further, the level of bioaccumulation of two trace elements in fish tissues in relation to the contamination level of water and sediments was assessed. Data were gathered for 43 months. Arsenic and cadmium concentration in water showed a significant (P < 0.05) seasonal variation. Generally, the two trace elements in the river water were highest during the cultivating seasons than in other seasons. In all species, both trace elements in the gills highly depended on the concentration in the water. In all species, two trace elements in water and sediment did not significantly affect the levels in muscle tissue. Therefore, the trace element levels in the edible parts of these three fish were well below the maximum permissible levels of international institutions."
4,KeywordsArsenicBioaccumulationCadmiumFishTrace elementsWater
5,<FreqDist with 140 samples and 298 outcomes>
6,"['ï', '»¿', 'AbstractThe', 'upper', 'Malwathu', 'Oya', 'livelihood', 'people', 'living', 'immediate', 'vicinity', 'paddy', 'cultivation', 'chronic', 'disease', 'among', 'them', 'Farmers', 'utilize', 'different', 'types', 'fields', 'expecting', 'bumper', 'harvests', 'Several', 'have', 'been', 'contain', 'toxic', 'Sri', 'Lanka', 'arsenic', 'might', 'end', 'up', 'can', 'result', 'purpose', 'this', 'study', 'investigate', 'liver', 'food', 'Etroplus', 'suratensis', 'Anabas', 'testudineus', 'Channa', 'striata', 'non', '-', 'year', 'Further', 'relation', 'contamination', 'assessed', 'Data', 'gathered', 'for', '43', 'months', 'Arsenic', 'showed', 'significant', 'P', '<', '0', '05', 'variation', 'Generally', 'highest', 'than', 'other', 'both', 'highly', 'depended', 'on', 'sediment', 'did', 'not', 'significantly', 'affect', 'tissue', 'element', 'edible', 'parts', 'below', 'maximum', 'permissible', 'international', 'institutions']"
7,
