,OUTPUT
0,Research advances in erythrocyte regeneration sources and methods in vitro
1,"Cell RegenerationVolume 7, Issue 2, December 2018, Pages 45-49"
2,ShumingSunabcYuanliangPengabcJingLiuab
3,"AbstractErythrocytes (red blood cells, RBCs) facilitate gas exchange in the lungs and transport oxygen to the tissues. The human body must maintain erythrocyte regeneration to support metabolically active cells and tissues. In many hematological diseases, erythrocyte regeneration is impaired. Researchers have studied erythrocyte regeneration for many years both in vivo and in vitro. In this review, we summarize the sources and main culture methods for generating mature and functional red blood cells in vitro. Hematopoietic stem cells (HSCs), embryonic stem cells (ESCs) and induced pluripotent stem cells (iPSCs) are classic sources for erythrocyte regeneration. In addition, alternative sources such as immortalized adult human erythroid cell lines and transformed fibroblasts have also been generated and have produced functional red blood cells. The culture systems for erythrocytes differ among laboratories. Researchers hope that improvements in culture techniques may contribute to improved RBC outcomes for blood transfusions, drug delivery and the treatment of hematological diseases."
4,KeywordsErythrocyteRegenerationHSCsEmbryonic stem celliPSCs
5,<FreqDist with 86 samples and 134 outcomes>
6,"['AbstractAs', 'three', 'decades', 'ago', 'it', 'was', 'reported', 'that', 'adoptive', 'by', 'infusion', 'autologous', 'tumor', 'infiltrating', 'lymphocytes', 'TILs', 'mediated', 'objective', 'cancer', 'regression', 'patients', 'with', 'metastatic', 'melanoma', 'A', 'new', 'era', 'arose', 'since', 'improvement', 'clinical', 'use', 'CD19', 'chimeric', 'antigen', 'receptor', 'CAR', 'treatment', 'refractory', 'relapsed', 'B', 'lymphocyte', 'However', 'several', 'challenges', 'difficulties', 'remain', 'on', 'way', 'to', 'reach', 'effective', 'including', 'lacking', 'a', 'method', 'from', 'every', 'patient', 'Here', 'we', 'summarize', 'current', 'methods', 'promising', 'approaches', 'future']"
7,
