,OUTPUT
0,Genomic and molecular control of cell type and cell type conversions
1,"Cell RegenerationVolume 6, December 2017, Pages 1-7"
2,XiulingFuFangfangHeYuhaoLiAllahverdiShahveranovAndrew PaulHutchins
3,"AbstractOrganisms are made of a limited number of cell types that combine to form higher order tissues and organs. Cell types have traditionally been defined by their morphologies or biological activity, yet the underlying molecular controls of cell type remain unclear. The onset of single cell technologies, and more recently genomics (particularly single cell genomics), has substantially increased the understanding of the concept of cell type, but has also increased the complexity of this understanding. These new technologies have added a new genome wide molecular dimension to the description of cell type, with genome-wide expression and epigenetic data acting as a cell type ‘fingerprint’ to describe the cell state. Using these genomic fingerprints cell types are being increasingly defined based on specific genomic and molecular criteria, without necessarily a distinct biological function. In this review, we will discuss the molecular definitions of cell types and cell type control, and particularly how endogenous and exogenous transcription factors can control cell types and cell type conversions."
4,KeywordsCell typeTranscription factorEpigenomeTransdifferentiation
5,<FreqDist with 105 samples and 183 outcomes>
6,"['AbstractOrganisms', 'made', 'limited', 'number', 'that', 'combine', 'form', 'higher', 'order', 'tissues', 'organs', 'Cell', 'traditionally', 'been', 'by', 'their', 'morphologies', 'or', 'activity', 'yet', 'underlying', 'controls', 'remain', 'unclear', 'The', 'onset', 'more', 'recently', '(', '),', 'substantially', 'concept', 'but', 'also', 'complexity', 'These', 'added', 'dimension', 'description', 'with', '-', 'expression', 'epigenetic', 'data', 'acting', 'as', '\x91', 'fingerprint', '\x92', 'describe', 'state', 'Using', 'these', 'fingerprints', 'being', 'increasingly', 'based', 'on', 'specific', 'criteria', 'without', 'necessarily', 'distinct', 'function', 'In', 'review', 'we', 'will', 'discuss', 'definitions', 'how', 'endogenous', 'exogenous', 'transcription', 'factors', 'can', 'conversions']"
7,
