,OUTPUT
0,"Dissecting microRNA-mediated regulation of stemness, reprogramming, and pluripotency"
1,"Cell RegenerationVolume 5, Issue 1, 2016, 5:1"
2,Young JinLee1†SureshRamakrishna23†HimanshuChauhan4Won SunPark5Seok-HoHong67Kye-SeongKim23
3,"AbstractIncreasing evidence indicates that microRNAs (miRNAs), endogenous short non-coding RNAs 19–24 nucleotides in length, play key regulatory roles in various biological events at the post-transcriptional level. Embryonic stem cells (ESCs) represent a valuable tool for disease modeling, drug discovery, developmental studies, and potential cell-based therapies in regenerative medicine due to their unlimited self-renewal and pluripotency. Therefore, remarkable progress has been made in recent decades toward understanding the expression and functions of specific miRNAs in the establishment and maintenance of pluripotency. Here, we summarize the recent knowledge regarding the regulatory roles of miRNAs in self-renewal of pluripotent ESCs and during cellular reprogramming, as well as the potential role of miRNAs in two distinct pluripotent states (naïve and primed)."
4,KeywordsmiRNAsEmbryonic stem cellsPluripotencyReprogrammingSelf-renewalAbbreviations3′ UTR3′-untranslated regionAGOsArgonaute proteinsBMPbone morphogenetic proteinCSDC2cold-shock domain-containing protein C2DGCR8DiGeorge syndrome critical region gene 8DnmtDNA methyltransferaseECCsembryonic carcinoma cellsESCembryonic stem cellICMinner cell massiPSCsinduced pluripotent stem cellsMETmesenchymal to epithelial transitionmiRNAsmicroRNAsRISCRNA-induced silencing complexSIRT6Sirtuin 6TGFBR2transforming growth factor β receptor II
5,<FreqDist with 98 samples and 145 outcomes>
6,"['AbstractIncreasing', 'evidence', 'indicates', 'that', 'microRNAs', '),', 'endogenous', 'short', 'non', 'coding', 'RNAs', '19', '\x96', '24', 'nucleotides', 'length', 'play', 'key', 'various', 'biological', 'events', 'at', 'post', 'transcriptional', 'level', 'Embryonic', 'stem', 'cells', ')', 'represent', 'a', 'valuable', 'tool', 'for', 'disease', 'modeling', 'drug', 'discovery', 'developmental', 'studies', 'cell', 'based', 'therapies', 'regenerative', 'medicine', 'due', 'to', 'their', 'unlimited', 'Therefore', 'remarkable', 'progress', 'has', 'been', 'made', 'decades', 'toward', 'understanding', 'expression', 'functions', 'specific', 'establishment', 'maintenance', 'Here', 'we', 'summarize', 'knowledge', 'regarding', 'during', 'cellular', 'reprogramming', 'well', 'role', 'two', 'distinct', 'states', 'naïve', 'primed', ').']"
7,
