,OUTPUT
0,Sub-acute Ruminal Acidosis (SARA) and its Consequence in Dairy Cattle: A Review of Past and Recent Research at Global Prospective
1,"Achievements in the Life SciencesVolume 10, Issue 2, December 2016, Pages 187-196"
2,NejashAbdela
3,"AbstractDairy producer increase milk production by over feeding grain diets that are high in starch and low in fiber to increase intake of energy and met dietary requirements of the high yielding dairy cows. However, these diets increase the risk of subacute ruminal acidosis (SARA). Thus, maximizing milk production without incurring Sub-acute ruminal acidosis is a challenging most dairy producers. The main aims of this paper were to review available article on general aspects of Sub-acute ruminal acidosis and its consequence in dairy cattle by focusing on past and recent article and helping to update the current knowledge for early recognition and limit the associated negative impact in dairy industry. Sub-acute ruminal acidosis is a well-recognized and economically important digestive disorder found particularly in well-managed dairy cattle. It is a consequence of feeding high grain diets to dairy cows and characterized by daily episodes of low ruminal which generally occurs when ruminal pH stays in the range of 5.2 and 6 for a prolonged period resulting in depresses fiber digestion and possibly milk production. There is no typical clinical sign of illness in SARA affected cows. However, SARA is said to be associated with inflammations of different organs and tissues in dairy cows. Rumenocentesis remains the most reliable means of diagnosing SARA. The cow at risk to develop SARA includes cows in the early lactation, Primiparous cows and Cows grazing or fed with rapidly fermentable low fiber grass. SARA has long-term health and economic consequences, which include feed intake depression, fluctuations in feed intake, reduced diet digestibility, reduced milk yield, reduced milk fat percent, gastrointestinal damage, liver abscesses, and lameness. Apart from compromises to dairy cow health and economics, SARA is of concern for animal welfare reasons, since lameness and laminitis impact significantly on cow comfort and general well-being. Thus, it represents a significant concern for dairy industry and the cattle should be regularly monitored to facilitate early recognition of the condition and limit the associated economic losses."
4,KeywordsDairy cattleSARASub-acute ruminal acidosisRuminal acidosis
5,<FreqDist with 188 samples and 375 outcomes>
6,"['ï', '»¿', 'AbstractDairy', 'producer', 'over', 'that', 'are', 'starch', 'energy', 'met', 'dietary', 'requirements', 'yielding', 'these', 'subacute', '(', ').', 'maximizing', 'without', 'incurring', 'challenging', 'producers', 'main', 'aims', 'this', 'paper', 'were', 'review', 'available', 'aspects', 'its', 'focusing', 'past', 'recent', 'helping', 'update', 'current', 'knowledge', 'negative', 'recognized', 'economically', 'important', 'digestive', 'disorder', 'found', 'particularly', 'managed', 'It', 'characterized', 'daily', 'episodes', 'generally', 'occurs', 'when', 'pH', 'stays', 'range', '5', '2', '6', 'prolonged', 'period', 'resulting', 'depresses', 'digestion', 'possibly', 'There', 'no', 'typical', 'clinical', 'sign', 'illness', 'affected', 'said', 'inflammations', 'different', 'organs', 'tissues', 'Rumenocentesis', 'remains', 'reliable', 'means', 'diagnosing', 'at', 'develop', 'includes', 'lactation', 'Primiparous', 'Cows', 'grazing', 'or', 'fed', 'rapidly', 'fermentable', 'grass', 'has', 'long', 'term', 'consequences', 'include', 'depression', 'fluctuations', 'diet', 'digestibility', 'yield', 'fat', 'percent', 'gastrointestinal', 'damage', 'liver', 'abscesses', 'Apart', 'from', 'compromises', 'economics', 'animal', 'welfare', 'reasons', 'since', 'laminitis', 'significantly', 'comfort', 'being', 'it', 'represents', 'significant', 'should', 'regularly', 'monitored', 'facilitate', 'condition', 'losses']"
7,
