,OUTPUT
0,Genetic reporter analysis reveals an expandable reservoir of OCT4+ cells in adult skin
1,"Cell RegenerationVolume 3, Issue 1, 2014, 3:9"
2,AnneLimbourg1234†SabineSchnabel12†Vladimir JLozanovski1210L ChristianNapp15Teng-CheongHa26TobiasMaetzig26JohannBauersachs25Hassan YNaim7AxelSchambach2368†Florian PLimbourg12911†
3,"AbstractThe transcription factor Oct4 (Pou5f1) is a critical regulator of pluripotency in embryonic and induced pluripotent stem cells. Therefore, Oct4 expression might identify somatic stem cell populations with inherent multipotent potential or a propensity for facilitated reprogramming. However, analysis of Oct4 expression is confounded by Oct4 pseudogenes or non-pluripotency-related isoforms. Systematic analysis of a transgenic Oct4-EGFP reporter mouse identified testis and skin as two principle sources of Oct4+ cells in postnatal mice. While the prevalence of GFP+ cells in testis rapidly declined with age, the skin-resident GFP+ population expanded in a cyclical fashion. These cells were identified as epidermal stem cells dwelling in the stem cell niche of the hair follicle, which endogenously expressed all principle reprogramming factors at low levels. Interestingly, skin wounding or non-traumatic hair removal robustly expanded the GFP+ epidermal cell pool not only locally, but also in uninjured skin areas, demonstrating the existence of a systemic response. Thus, the epithelial stem cell niche of the hair follicle harbors an expandable pool of Oct4+ stem cells, which might be useful for therapeutic cell transfer or facilitated reprogramming."
4,KeywordsOct4Epidermal stem cellsSkinTransgenic reporter miceAbbreviationsESEmbryonic stem celliPSInduced pluripotent stem cellsK14Cytokeratin-14K15Cytokeratin-15FACSFluorescent activated cell sorterSDStandard deviationSPFSpecific pathogen freeGFPGreen fluorescent proteinFLFluorescenceITGIntegrinPBSPhosphate-buffered salineFCSFetal calf serumgPSGermline-derived pluripotent stem cells
5,<FreqDist with 115 samples and 214 outcomes>
6,"['AbstractThe', 'transcription', 'factor', '(', 'Pou5f1', ')', 'critical', 'regulator', 'embryonic', 'induced', 'pluripotent', 'Therefore', 'identify', 'somatic', 'populations', 'inherent', 'multipotent', 'potential', 'propensity', 'However', 'confounded', 'by', 'pseudogenes', 'related', 'isoforms', 'Systematic', 'transgenic', 'EGFP', 'reporter', 'mouse', 'two', 'sources', 'postnatal', 'mice', 'While', 'prevalence', 'rapidly', 'declined', 'age', 'resident', 'population', 'cyclical', 'fashion', 'These', 'were', 'dwelling', 'endogenously', 'expressed', 'all', 'factors', 'at', 'low', 'levels', 'Interestingly', 'wounding', 'traumatic', 'removal', 'robustly', 'not', 'only', 'locally', 'but', 'also', 'uninjured', 'areas', 'demonstrating', 'existence', 'systemic', 'response', 'Thus', 'epithelial', 'harbors', 'an', 'expandable', 'be', 'useful', 'therapeutic', 'transfer']"
7,
