,OUTPUT
0,"What outcomes are important to patients with mild cognitive impairment or Alzheimer's disease, their caregivers, and health-care professionals? A systematic review"
1,"Alzheimer's & Dementia: Diagnosis, Assessment & Disease MonitoringVolume 11, December 2019, Pages 231-247"
2,ClaireTochelaMichaelSmithaHelenBaldwinabAndersGustavssoncdeAmandaLyaChristinBexeliuseMiaNelsonaChristopheBintenerfEnricoFantonigJosepGarre-OlmohOlinJansseniChristophJindrajIsabella F.JørgensenkAlexMcKeownbBuketÖztürklAnnaPonjoanhmMichele H.PotashmannCatherineReedo…CathieSudlowa
3,"AbstractIntroductionClinical trials involving patients with Alzheimer's disease (AD) continue to try to identify disease-modifying treatments. Although trials are designed to meet regulatory and registration requirements, many do not measure outcomes of the disease most relevant to key stakeholders.MethodsA systematic review sought research that elicited information from people with AD, their caregivers, and health-care professionals on which outcomes of the disease were important. Studies published in any language between 2008 and 2017 were included.ResultsParticipants in 34 studies described 32 outcomes of AD. These included clinical (memory, mental health), practical (ability to undertake activities of daily living, access to health information), and personal (desire for patient autonomy, maintenance of identity) outcomes of the disease.DiscussionEvidence elicited directly from the people most affected by AD reveals a range of disease outcomes that are relevant to them but are not commonly captured in clinical trials of new treatments."
4,KeywordsAlzheimer's DiseaseMild cognitive impairmentOutcomesSystematic reviewQualitativeQuantitativeQuality of lifeMemoryActivities of daily livingAutonomyBurdenPatientsCaregiversHealthcare professionals
5,<FreqDist with 104 samples and 173 outcomes>
6,"['AbstractIntroductionClinical', 'involving', 'patients', 'Alzheimer', ""'"", 's', 'continue', 'try', 'identify', 'modifying', 'Although', 'designed', 'meet', 'regulatory', 'registration', 'requirements', 'many', 'do', 'measure', 'key', 'stakeholders', 'MethodsA', 'systematic', 'review', 'sought', 'research', 'their', 'caregivers', 'care', 'professionals', 'on', 'which', 'important', 'Studies', 'published', 'any', 'language', 'between', '2008', '2017', 'ResultsParticipants', '34', 'studies', 'described', '32', 'These', 'memory', 'mental', 'practical', 'ability', 'undertake', 'activities', 'daily', 'living', 'access', 'personal', 'desire', 'for', 'patient', 'autonomy', 'maintenance', 'identity', 'DiscussionEvidence', 'directly', 'affected', 'by', 'reveals', 'a', 'range', 'them', 'but', 'commonly', 'captured', 'new']"
7,
