10,,,,,75
11,,,,,76
12,,a r t i c l e i n f o,a b s t r a c t,,77
13,,,,,78
14,,Article history:,"Two species of the genus Frisilia Walker have been known in Africa: Frisilia compsostoma Meyrick, 1921",,79
15,,Received 27 March 2019,"from Zimbabwe, 1921 and Frisilia triturata Meyrick, 1914 from Malawi. In the present study,",,80
16,,Accepted 21 May 2019,"F. compsostoma is reported for the first time from Malawi, and F. triturate from Kenya, Tanzania, and the",,
"",,Available online xxx,,,81
17,,,Democratic Republic of the Congo. Images of adults and male genitalia of the species are illustrated.,,82
18,,Keywords:,"2019 National Science Museum of Korea (NSMK) and Korea National Arboretum (KNA), Publishing",,83
19,,Africa,Services by Elsevier. This is an open access article under the CC BY-NC-ND license (http://,,
"",,,creativecommons.org/licenses/by-nc-nd/4.0/).,,84
20,,Frisilia,,,85
21,,Lecithoceridae,,,86
22,,New record,,,
"",,Taxonomy,,,87
23,,,,,88
24,,,,,89
25,,,,,90
26,Q4,Introduction,Material and methods,,91
27,,,,,92
28,,The vast majority of Microlepidoptera in the Afrotropical area,The present study is based on loaned material from the,,93
29,,"has not been well explored, especially in case of the family Lec-","following museums: the Royal Museum for Central Africa, Tervu-",,94
30,Q5,"ithoceridae (Lepidoptera, Gelechioidea).","In the online website ren, Belgium, collected in 1949, and the Natural History Museum at",,95
31,,"(http://www.afromoths.net, updated on Oct./2018) compiled by J.","the University of Oslo (Naturhistorisk Museum), Oslo, Norway,",,96
32,,"and W. De Prins, 114 species belonging to 21 genera of the family",collected in 1992; and some additional specimens were collected,,97
33,,"were reported. It seems far from its real existence, comparing with","from Kenya in 1999 and from Malawi in 2002, by the 2nd author,",,98
34,,"more than 1,260 species worldwide (Park 2018).",D.J.L.A. Localities of the species in this study are shown in Figure 1.,,99
35,,"The genus Frisilia Walker is an Oriental genus, comprising 33",,,100
36,,known species mainly distributed in the Oriental region (Park and,Systematic accounts,,101
37,,"Shashank 2018). In Africa, while two species of the genus were",,,102
38,,"described, Frisilia compsostoma Meyrick, 1921 from Zimbabwe and","Genus Frisilia Walker, 1864",,103
39,,"Frisilia triturata Meyrick, 1914 from Malawi (the type locality was","Type species: Frisilia nesciatella Walker, 1864. Type locality: Sri",,104
40,,"wrongly noted from Afghanistan by Park et al 2008), no further",Lanka.,,105
41,,report on the genus has been made.,,,106
42,,"In the present article, F. compsostoma is reported for the first","Tipasa Walker, 1864. Type Species: Tipasa basaliella Walker, 1864:",,107
43,,"time from Malawi, and F. triturata is also newly reported from",805.,,108
44,,"Kenya, Tanzania, and the Democratic Republic of the Congo.","Macrernis Meyrick, 1887. Type Species: Macrernis heliapta Meyrick,",,109
45,,,1887.,,110
46,,,,,111
47,,,Frisilia Walker is defined by the following morphological char-,,112
48,,,"acters: (i) the atypical labial palpus (Figure 1-B), with a long,",,
"",,* Corresponding author.,,,113
49,,"E-mail addresses: ktpark02@gmail.com (K.-T. Park), d.agassizz@nhm.ac.uk (D.J.","strongly angled 2nd segment and a minute 3rd segment in the male,nd rd",,114
50,,"L. Agassiz), s.kim.microlepi@gmail.com (S. Kim).",contrasting with a roughly scaled 2 and normally slender 3,,115
51,,Peer review under responsibility of National Science Museum of Korea (NSMK) and,"segment in the female; (ii) venationmuch variable, with R5 present",,116
52,,Korea National Arboretum (KNA).,or absent in the forewing and M3 and CuA1 stalked or coincident in,,117
53,,,,,
"",,https://doi.org/10.1016/j.japb.2019.05.001,,,118
54,,pISSN2287-884X eISSN2287-9544/,"2019 National Science Museum of Korea (NSMK) and Korea National Arboretum (KNA), Publishing Services by Elsevier. This is an open",,119
1,,,66
2,,,67
3,,,68
4,,,69
5,,,70
6,,,71
7,,,72
8,,,73
9,,,74
10,,,75
11,,,76
12,,,77
13,,,78
14,,,79
15,,,80
16,,,81
17,"Figure 6. Frisilia triturata Meyrick: male genitalia, ventral view.",,82
18,,,83
19,,,84
20,,,85
21,,,86
22,,,87
23,,,88
24,,,89
25,,,90
26,,,91
27,,,92
28,,,93
29,,,94
30,,,95
31,,,96
32,,,97
33,,,98
34,,,99
35,,,100
36,,,101
37,,,102
38,,,103
39,,,104
40,,,105
41,,,106
42,,Figure 8. Frisilia triturata Meyrick: close-up apical part of the aedeagus.,107
43,,,108
44,,,109
45,,,110
46,,"Male genitalia (Figures 5e8). See Clarke (1965: Pl. 32, Figure 2ae",111
47,,"b); Park et al (2008: Figure 46). Uncus short, with triangular lateral",112
48,,"processes caudally. Median process of gnathos gently curved,",113
49,,"downward, sharply pointed apically. Tegumen deeply incised into",114
50,,converted V-shape on anterior margin. Costal bar connecting,115
51,,tegumen and valva not angled medially. Valva broad at base;,116
52,,"cucullus rice paddle shaped, with round apex, as long as basal part",117
53,,"of valva, densely setose, with numerous pegs along ventral margin;",118
54,,"sacculus broad, narrowly terminated. Juxta with heavily sclero-",119
55,,"tized, narrow, long, caudal process, sharply pointed apically. Phallus",120
56,,"stout, as long as valva; cornuti consisting of a long, horn-shaped",121
57,,"bar, as long as three-fourth the length of phallus and the shorter",122
58,,"one, about two-fifth the length of the longer one apically.",123
59,,Abdominal sternite VIII deeply emarginated on caudal margin,124
60,,medially (Figure 9).,125
61,,"Material examined. 5_, Coll. Mus. Congo, Elisabethville, x. 1949,",126
62,,"Ch. Seydel, gen. slide no. CIS-7125/Park, in the Royal Museum for",127
63,,"Central Africa; 1_, Kenya, Central, Thika 6000ft, 18 iv 1999, DJL",128
64,,"Agassiz, gen. slide no. CIS-7123/Park, in NHMUK; 1_, same locality,",129
65,"Figure 7. Frisilia triturata Meyrick: male genitalia, the aedeagus.","3 xii 1999, DJL Agassiz; 1_, Tanzania, Morogoro Dist., Kimboza For.",130
1,,66
2,,67
3,,68
4,,69
5,,70
6,,71
7,,72
8,,73
9,,74
10,,75
11,,76
12,,77
13,,78
14,,79
"","Figure 12. Frisilia compostoma Meyrick: labial palpus, lateral view.",
15,,80
16,,81
17,,82
18,,83
19,,84
20,,85
21,,86
22,,87
23,,88
24,,89
25,"90Figure 9. Frisilia triturata Meyrick: close-up apical part of the aedeagus, abdominal",
26,segment VIIeVIII.,91
27,,92
28,,93
29,,94
30,,95
31,,96
32,,97
33,,98
34,Figure 13. Frisilia compostoma Meyrick: male genitalia.,99
35,,100
36,,101
37,,102
"","Res. 300 m, 30 x 1992, leg. Leif Aarvik, in the Natural History",
38,,103
"",Museum at the University of Oslo.,
39,,104
"","Remarks. The species was described from Malawi, based on",
40,,105
"","a single male, but no further faunistic data for this species",
41,,106
"",have been represented. The species is reported for the first,
42,"Figure 10. Frisilia compostoma Meyrick: adult. time from Kenya, Tanzania, and the Democratic Republic of the",107
43,,108
"",Congo.,
44,,109
"","Distribution. Malawi, Kenya (new record), Tanzania (new re-",
45,,110
"","cord), and the Democratic Republic of the Congo (new record).",
46,,111
47,,112
"","Frisilia compsostoma Meyrick, 1921",
48,,113
"",(Figures 10e16),
49,,114
"","Meyrick, 1921. Annls. Trans. Mus. 8: 87; Janse, 1949: 363; Park et al,",
50,,115
"","2008: 10. Type locality: Salisbury, Zimbabwe [TMSA]",
51,,116
52,,117
"",Diagnosis. F. compsostoma Meyrick is similar to F. triturata,
53,,118
"","Meyrick, but it can be distinguished from the latter",by the
54,,119
"","distinctly fuscous spot at end of discal cell, and often covered",
55,,120
"",with more orangish-white scales on the forewing. The male,
56,,121
"",genitalia are also differentiated as noted in the preceding species.,
57,,122
"",Wingspan 18 mm.,
58,,123
"","Material examined. 1_, Malawi, Dzalanyama 1250m, 1415S 33",
59,,124
"","27E, 13 xii 2002, D.J.L. Agassiz, gen. slide no. CIS-7124/Park; 1_,",
60,,125
"","Malawi, Ntchisi 1500m, 1322?S 3400?E, 12 xii 2002, D.J.L. Agassiz, in",
61,,126
"",NHMUK.,
62,,127
"","Male genitalia (Figures 13e15). See Janse (1954, Pl.","CLXI,"
63,,128
"","Figure 6; Pl. CLXXII, Figure 4); Park et al (2008: Figure 50, cited from",
64,,129
"","Janse 1949, Pl. 172, Figure 4; Pl. 161, Figure 6).",
65,Figure 11. Frisilia compostoma Meyrick: dorsal view of the head and labial palpus.,130
1,,,66
2,,,67
3,,,68
4,,,69
5,,,70
6,,,71
7,,,72
8,,,73
9,,,74
10,,,75
11,,,76
12,,,77
13,,,78
14,,,79
15,,,80
16,,,81
17,,,82
18,,,83
19,,,84
20,,,85
21,,,86
22,,,87
23,,,88
24,,,89
25,,,90
26,,,91
27,,,92
28,,,93
29,,Figure 15. Frisilia compostoma Meyrick: close-up apical part of the aedeagus.,94
30,,,95
31,,,96
32,,,97
33,,,98
34,,,99
35,,,100
36,,,101
37,,,102
38,,,103
39,,,104
40,,,105
41,,,106
42,,,107
43,,,108
44,,,109
45,"Figure 14. Frisilia compostoma Meyrick: male genitalia, the aedeagus.",,110
46,,,111
47,,,112
48,,,113
49,"Uncus convex medially, with small triangular processes",,114
50,laterally on caudal margin. Median process of gnathos gently,,115
"",,"Figure 16. Frisilia compostoma Meyrick: close-up apical part of the aedeagus,",
51,"curved, downward, sharply pointed apically. Tegumen deeply",abdominal segment VII 116eVIII.,
52,incised into converted V-shape on the anterior margin.,,117
53,"Costal bar broad, slightly angled medially. Cucullus dilated",,118
54,"distally, with round apex, densely setose; sacculus narrowly",Conflicts of interest,119
55,"terminated. Juxta with a narrow, slender caudal process,",,120
56,"sharply pointed apically. Phallus stout, as long as valva; cor-",The authors declare that there is no conflict of interest.,Q6 121
57,"nuti consisting of a long, horn-shaped bar, as long as three-",,122
58,"fourth the length of phallus and the shorter one, shorter than",Uncited reference,123
59,one-third the length of the longer one apically. Abdominal,,124
60,sternite VIII deeply emarginated on caudal margin medially,"De Prins and De Prins, 2018.",Q8 125
61,(Figure 16).,,126
62,Remarks. Because the species was described based on a single,Acknowledgments,127
63,"male fromZimbabwe, no furthermaterial has been found so far. It is",,128
64,reported for the first time from Malawi.,"The authors thank L. Aarvik, Curator of Lepidoptera, Natural",Q7 129
65,Distribution. Zimbabwe and Malawi (new record),"History Museum, University of Oslo, Oslo, Norway; W. De Prins and",130
1,"S. Kerkhof, Royal Belgian Institute of Natural Sciences, Brussels,","De Prins J, De Prins W. 2018. Afromoths, online database of Afrotropical moth species",15
2,"Belgium; and D. Van den Spiegel, Royal Museum for Central Africa,",(Lepidoptera). http://www.afromoths.net. (Accessed October 2018).,16
"",,"Janse AJT. 1949e1963. Gelechiidae. In: The moths of Republic of South Africa,",
3,"Tervuren, Belgium, for arranging the loan of specimens preserved in","Pretoria. 5(4): 332e349, 362e363, 366e370, 377e384 (1954); 6: 125-240",17
4,the aforementioned museums. This research was supported by the,(1960).,18
5,Basic Science Research Program through the National Research,Meyrick E. 1914. Exotic Microlepidoptera. Marlborough: Wilts. p. 277.,19
"",,Meyrick E. 1921. Description of Republic of South African Micro-Lepidoptera. Annals,
6,Foundation of Korea (NRF) funded by the Ministry of Education,of the Transvaal Museum 8:87.,20
7,(2018042503) and (2017R1D1A1B03030640); and the Research,Park KT. 2018. Species Diversity of the family Lecithoceridae (Lepidoptera: Gele-,21
8,"Institute for Agriculture and Life Sciences (RIALS), Republic of Korea.",chiidae) in the world. Biodiversity International Journal 2:37e38.,22
